{
  "frames": {
    "appearing_smoke_01.png": {
      "frame": {
        "x": 1,
        "y": 1,
        "w": 85,
        "h": 85
      },
      "rotated": false,
      "trimmed": true,
      "spriteSourceSize": {
        "x": 79,
        "y": 226,
        "w": 85,
        "h": 85
      },
      "sourceSize": {
        "w": 258,
        "h": 399
      },
      "pivot": {
        "x": 0.5,
        "y": 0.5
      }
    },
    "appearing_smoke_02.png": {
      "frame": {
        "x": 1,
        "y": 88,
        "w": 99,
        "h": 100
      },
      "rotated": false,
      "trimmed": true,
      "spriteSourceSize": {
        "x": 71,
        "y": 216,
        "w": 99,
        "h": 100
      },
      "sourceSize": {
        "w": 258,
        "h": 399
      },
      "pivot": {
        "x": 0.5,
        "y": 0.5
      }
    },
    "appearing_smoke_03.png": {
      "frame": {
        "x": 1,
        "y": 190,
        "w": 110,
        "h": 113
      },
      "rotated": false,
      "trimmed": true,
      "spriteSourceSize": {
        "x": 65,
        "y": 207,
        "w": 110,
        "h": 113
      },
      "sourceSize": {
        "w": 258,
        "h": 399
      },
      "pivot": {
        "x": 0.5,
        "y": 0.5
      }
    },
    "appearing_smoke_04.png": {
      "frame": {
        "x": 102,
        "y": 1,
        "w": 121,
        "h": 125
      },
      "rotated": false,
      "trimmed": true,
      "spriteSourceSize": {
        "x": 59,
        "y": 198,
        "w": 121,
        "h": 125
      },
      "sourceSize": {
        "w": 258,
        "h": 399
      },
      "pivot": {
        "x": 0.5,
        "y": 0.5
      }
    },
    "appearing_smoke_05.png": {
      "frame": {
        "x": 1,
        "y": 305,
        "w": 140,
        "h": 146
      },
      "rotated": false,
      "trimmed": true,
      "spriteSourceSize": {
        "x": 50,
        "y": 182,
        "w": 140,
        "h": 146
      },
      "sourceSize": {
        "w": 258,
        "h": 399
      },
      "pivot": {
        "x": 0.5,
        "y": 0.5
      }
    },
    "appearing_smoke_06.png": {
      "frame": {
        "x": 113,
        "y": 128,
        "w": 150,
        "h": 154
      },
      "rotated": false,
      "trimmed": true,
      "spriteSourceSize": {
        "x": 45,
        "y": 175,
        "w": 150,
        "h": 154
      },
      "sourceSize": {
        "w": 258,
        "h": 399
      },
      "pivot": {
        "x": 0.5,
        "y": 0.5
      }
    },
    "appearing_smoke_07.png": {
      "frame": {
        "x": 1,
        "y": 453,
        "w": 158,
        "h": 161
      },
      "rotated": false,
      "trimmed": true,
      "spriteSourceSize": {
        "x": 42,
        "y": 169,
        "w": 158,
        "h": 161
      },
      "sourceSize": {
        "w": 258,
        "h": 399
      },
      "pivot": {
        "x": 0.5,
        "y": 0.5
      }
    },
    "appearing_smoke_08.png": {
      "frame": {
        "x": 143,
        "y": 284,
        "w": 163,
        "h": 169
      },
      "rotated": true,
      "trimmed": true,
      "spriteSourceSize": {
        "x": 40,
        "y": 161,
        "w": 163,
        "h": 169
      },
      "sourceSize": {
        "w": 258,
        "h": 399
      },
      "pivot": {
        "x": 0.5,
        "y": 0.5
      }
    },
    "appearing_smoke_09.png": {
      "frame": {
        "x": 265,
        "y": 1,
        "w": 170,
        "h": 205
      },
      "rotated": false,
      "trimmed": true,
      "spriteSourceSize": {
        "x": 36,
        "y": 126,
        "w": 170,
        "h": 205
      },
      "sourceSize": {
        "w": 258,
        "h": 399
      },
      "pivot": {
        "x": 0.5,
        "y": 0.5
      }
    },
    "appearing_smoke_10.png": {
      "frame": {
        "x": 1,
        "y": 616,
        "w": 177,
        "h": 213
      },
      "rotated": false,
      "trimmed": true,
      "spriteSourceSize": {
        "x": 32,
        "y": 117,
        "w": 177,
        "h": 213
      },
      "sourceSize": {
        "w": 258,
        "h": 399
      },
      "pivot": {
        "x": 0.5,
        "y": 0.5
      }
    },
    "appearing_smoke_11.png": {
      "frame": {
        "x": 1,
        "y": 831,
        "w": 178,
        "h": 222
      },
      "rotated": true,
      "trimmed": true,
      "spriteSourceSize": {
        "x": 30,
        "y": 108,
        "w": 178,
        "h": 222
      },
      "sourceSize": {
        "w": 258,
        "h": 399
      },
      "pivot": {
        "x": 0.5,
        "y": 0.5
      }
    },
    "appearing_smoke_12.png": {
      "frame": {
        "x": 180,
        "y": 449,
        "w": 181,
        "h": 229
      },
      "rotated": false,
      "trimmed": true,
      "spriteSourceSize": {
        "x": 28,
        "y": 100,
        "w": 181,
        "h": 229
      },
      "sourceSize": {
        "w": 258,
        "h": 399
      },
      "pivot": {
        "x": 0.5,
        "y": 0.5
      }
    },
    "appearing_smoke_13.png": {
      "frame": {
        "x": 314,
        "y": 208,
        "w": 182,
        "h": 241
      },
      "rotated": true,
      "trimmed": true,
      "spriteSourceSize": {
        "x": 24,
        "y": 86,
        "w": 182,
        "h": 241
      },
      "sourceSize": {
        "w": 258,
        "h": 399
      },
      "pivot": {
        "x": 0.5,
        "y": 0.5
      }
    },
    "appearing_smoke_14.png": {
      "frame": {
        "x": 437,
        "y": 1,
        "w": 184,
        "h": 248
      },
      "rotated": true,
      "trimmed": true,
      "spriteSourceSize": {
        "x": 22,
        "y": 79,
        "w": 184,
        "h": 248
      },
      "sourceSize": {
        "w": 258,
        "h": 399
      },
      "pivot": {
        "x": 0.5,
        "y": 0.5
      }
    },
    "appearing_smoke_15.png": {
      "frame": {
        "x": 225,
        "y": 680,
        "w": 187,
        "h": 253
      },
      "rotated": false,
      "trimmed": true,
      "spriteSourceSize": {
        "x": 22,
        "y": 72,
        "w": 187,
        "h": 253
      },
      "sourceSize": {
        "w": 258,
        "h": 399
      },
      "pivot": {
        "x": 0.5,
        "y": 0.5
      }
    },
    "appearing_smoke_16.png": {
      "frame": {
        "x": 363,
        "y": 392,
        "w": 187,
        "h": 258
      },
      "rotated": false,
      "trimmed": true,
      "spriteSourceSize": {
        "x": 20,
        "y": 66,
        "w": 187,
        "h": 258
      },
      "sourceSize": {
        "w": 258,
        "h": 399
      },
      "pivot": {
        "x": 0.5,
        "y": 0.5
      }
    },
    "appearing_smoke_17.png": {
      "frame": {
        "x": 414,
        "y": 652,
        "w": 190,
        "h": 249
      },
      "rotated": false,
      "trimmed": true,
      "spriteSourceSize": {
        "x": 19,
        "y": 55,
        "w": 190,
        "h": 249
      },
      "sourceSize": {
        "w": 258,
        "h": 399
      },
      "pivot": {
        "x": 0.5,
        "y": 0.5
      }
    },
    "appearing_smoke_18.png": {
      "frame": {
        "x": 552,
        "y": 392,
        "w": 190,
        "h": 233
      },
      "rotated": false,
      "trimmed": true,
      "spriteSourceSize": {
        "x": 18,
        "y": 50,
        "w": 190,
        "h": 233
      },
      "sourceSize": {
        "w": 258,
        "h": 399
      },
      "pivot": {
        "x": 0.5,
        "y": 0.5
      }
    },
    "appearing_smoke_19.png": {
      "frame": {
        "x": 557,
        "y": 187,
        "w": 192,
        "h": 237
      },
      "rotated": true,
      "trimmed": true,
      "spriteSourceSize": {
        "x": 18,
        "y": 45,
        "w": 192,
        "h": 237
      },
      "sourceSize": {
        "w": 258,
        "h": 399
      },
      "pivot": {
        "x": 0.5,
        "y": 0.5
      }
    },
    "appearing_smoke_20.png": {
      "frame": {
        "x": 796,
        "y": 1,
        "w": 190,
        "h": 240
      },
      "rotated": false,
      "trimmed": true,
      "spriteSourceSize": {
        "x": 18,
        "y": 41,
        "w": 190,
        "h": 240
      },
      "sourceSize": {
        "w": 258,
        "h": 399
      },
      "pivot": {
        "x": 0.5,
        "y": 0.5
      }
    },
    "appearing_smoke_21.png": {
      "frame": {
        "x": 606,
        "y": 627,
        "w": 187,
        "h": 219
      },
      "rotated": false,
      "trimmed": true,
      "spriteSourceSize": {
        "x": 19,
        "y": 33,
        "w": 187,
        "h": 219
      },
      "sourceSize": {
        "w": 258,
        "h": 399
      },
      "pivot": {
        "x": 0.5,
        "y": 0.5
      }
    },
    "appearing_smoke_22.png": {
      "frame": {
        "x": 744,
        "y": 381,
        "w": 184,
        "h": 221
      },
      "rotated": false,
      "trimmed": true,
      "spriteSourceSize": {
        "x": 18,
        "y": 29,
        "w": 184,
        "h": 221
      },
      "sourceSize": {
        "w": 258,
        "h": 399
      },
      "pivot": {
        "x": 0.5,
        "y": 0.5
      }
    },
    "appearing_smoke_23.png": {
      "frame": {
        "x": 795,
        "y": 604,
        "w": 182,
        "h": 224
      },
      "rotated": false,
      "trimmed": true,
      "spriteSourceSize": {
        "x": 19,
        "y": 25,
        "w": 182,
        "h": 224
      },
      "sourceSize": {
        "w": 258,
        "h": 399
      },
      "pivot": {
        "x": 0.5,
        "y": 0.5
      }
    },
    "appearing_smoke_24.png": {
      "frame": {
        "x": 930,
        "y": 830,
        "w": 178,
        "h": 194
      },
      "rotated": true,
      "trimmed": true,
      "spriteSourceSize": {
        "x": 19,
        "y": 22,
        "w": 178,
        "h": 194
      },
      "sourceSize": {
        "w": 258,
        "h": 399
      },
      "pivot": {
        "x": 0.5,
        "y": 0.5
      }
    },
    "appearing_smoke_25.png": {
      "frame": {
        "x": 606,
        "y": 848,
        "w": 171,
        "h": 188
      },
      "rotated": true,
      "trimmed": true,
      "spriteSourceSize": {
        "x": 19,
        "y": 16,
        "w": 171,
        "h": 188
      },
      "sourceSize": {
        "w": 258,
        "h": 399
      },
      "pivot": {
        "x": 0.5,
        "y": 0.5
      }
    },
    "appearing_smoke_26.png": {
      "frame": {
        "x": 930,
        "y": 243,
        "w": 171,
        "h": 154
      },
      "rotated": true,
      "trimmed": true,
      "spriteSourceSize": {
        "x": 18,
        "y": 13,
        "w": 171,
        "h": 154
      },
      "sourceSize": {
        "w": 258,
        "h": 399
      },
      "pivot": {
        "x": 0.5,
        "y": 0.5
      }
    },
    "appearing_smoke_27.png": {
      "frame": {
        "x": 930,
        "y": 416,
        "w": 165,
        "h": 153
      },
      "rotated": true,
      "trimmed": true,
      "spriteSourceSize": {
        "x": 18,
        "y": 12,
        "w": 165,
        "h": 153
      },
      "sourceSize": {
        "w": 258,
        "h": 399
      },
      "pivot": {
        "x": 0.5,
        "y": 0.5
      }
    },
    "appearing_smoke_28.png": {
      "frame": {
        "x": 988,
        "y": 1,
        "w": 152,
        "h": 145
      },
      "rotated": true,
      "trimmed": true,
      "spriteSourceSize": {
        "x": 20,
        "y": 12,
        "w": 152,
        "h": 145
      },
      "sourceSize": {
        "w": 258,
        "h": 399
      },
      "pivot": {
        "x": 0.5,
        "y": 0.5
      }
    },
    "appearing_smoke_29.png": {
      "frame": {
        "x": 687,
        "y": 1,
        "w": 120,
        "h": 107
      },
      "rotated": true,
      "trimmed": true,
      "spriteSourceSize": {
        "x": 33,
        "y": 15,
        "w": 120,
        "h": 107
      },
      "sourceSize": {
        "w": 258,
        "h": 399
      },
      "pivot": {
        "x": 0.5,
        "y": 0.5
      }
    },
    "appearing_smoke_30.png": {
      "frame": {
        "x": 988,
        "y": 155,
        "w": 81,
        "h": 72
      },
      "rotated": true,
      "trimmed": true,
      "spriteSourceSize": {
        "x": 49,
        "y": 29,
        "w": 81,
        "h": 72
      },
      "sourceSize": {
        "w": 258,
        "h": 399
      },
      "pivot": {
        "x": 0.5,
        "y": 0.5
      }
    },
    "explosion_ring.jpg": {
      "frame": {
        "x": 1086,
        "y": 155,
        "w": 564,
        "h": 520
      },
      "rotated": true,
      "trimmed": true,
      "spriteSourceSize": {
        "x": 54,
        "y": 64,
        "w": 564,
        "h": 520
      },
      "sourceSize": {
        "w": 670,
        "h": 641
      },
      "pivot": {
        "x": 0.5,
        "y": 0.5
      }
    }
  },
  "meta": {
    "app": "http://free-tex-packer.com/",
    "version": "0.3.3",
    "image": "appearing_smoke.jpg",
    "format": "RGB888",
    "size": {
      "w": 2048,
      "h": 1024
    },
    "scale": 2
  }
}