{
  "frames": {
    "explode_add_00203.png": {
      "frame": {
        "x": 1,
        "y": 1,
        "w": 250,
        "h": 162
      },
      "rotated": false,
      "trimmed": true,
      "spriteSourceSize": {
        "x": 206,
        "y": 288,
        "w": 250,
        "h": 162
      },
      "sourceSize": {
        "w": 682,
        "h": 592
      },
      "pivot": {
        "x": 0.5,
        "y": 0.5
      }
    },
    "explode_add_00204.png": {
      "frame": {
        "x": 1,
        "y": 165,
        "w": 631,
        "h": 390
      },
      "rotated": false,
      "trimmed": true,
      "spriteSourceSize": {
        "x": 17,
        "y": 187,
        "w": 631,
        "h": 390
      },
      "sourceSize": {
        "w": 682,
        "h": 592
      },
      "pivot": {
        "x": 0.5,
        "y": 0.5
      }
    },
    "explode_add_00205.png": {
      "frame": {
        "x": 1,
        "y": 557,
        "w": 682,
        "h": 458
      },
      "rotated": false,
      "trimmed": true,
      "spriteSourceSize": {
        "x": 0,
        "y": 134,
        "w": 682,
        "h": 458
      },
      "sourceSize": {
        "w": 682,
        "h": 592
      },
      "pivot": {
        "x": 0.5,
        "y": 0.5
      }
    },
    "explode_add_00206.png": {
      "frame": {
        "x": 1,
        "y": 1017,
        "w": 682,
        "h": 464
      },
      "rotated": false,
      "trimmed": true,
      "spriteSourceSize": {
        "x": 0,
        "y": 128,
        "w": 682,
        "h": 464
      },
      "sourceSize": {
        "w": 682,
        "h": 592
      },
      "pivot": {
        "x": 0.5,
        "y": 0.5
      }
    },
    "explode_add_00207.png": {
      "frame": {
        "x": 634,
        "y": 1,
        "w": 656,
        "h": 472
      },
      "rotated": false,
      "trimmed": true,
      "spriteSourceSize": {
        "x": 26,
        "y": 120,
        "w": 656,
        "h": 472
      },
      "sourceSize": {
        "w": 682,
        "h": 592
      },
      "pivot": {
        "x": 0.5,
        "y": 0.5
      }
    },
    "explode_add_00209.png": {
      "frame": {
        "x": 1,
        "y": 1483,
        "w": 377,
        "h": 312
      },
      "rotated": false,
      "trimmed": true,
      "spriteSourceSize": {
        "x": 139,
        "y": 189,
        "w": 377,
        "h": 312
      },
      "sourceSize": {
        "w": 682,
        "h": 592
      },
      "pivot": {
        "x": 0.5,
        "y": 0.5
      }
    },
    "explode_add_00210.png": {
      "frame": {
        "x": 685,
        "y": 475,
        "w": 404,
        "h": 456
      },
      "rotated": false,
      "trimmed": true,
      "spriteSourceSize": {
        "x": 125,
        "y": 55,
        "w": 404,
        "h": 456
      },
      "sourceSize": {
        "w": 682,
        "h": 592
      },
      "pivot": {
        "x": 0.5,
        "y": 0.5
      }
    },
    "explode_add_00211.png": {
      "frame": {
        "x": 1292,
        "y": 1,
        "w": 408,
        "h": 468
      },
      "rotated": false,
      "trimmed": true,
      "spriteSourceSize": {
        "x": 132,
        "y": 44,
        "w": 408,
        "h": 468
      },
      "sourceSize": {
        "w": 682,
        "h": 592
      },
      "pivot": {
        "x": 0.5,
        "y": 0.5
      }
    },
    "explode_add_00212.png": {
      "frame": {
        "x": 380,
        "y": 1483,
        "w": 390,
        "h": 484
      },
      "rotated": false,
      "trimmed": true,
      "spriteSourceSize": {
        "x": 147,
        "y": 28,
        "w": 390,
        "h": 484
      },
      "sourceSize": {
        "w": 682,
        "h": 592
      },
      "pivot": {
        "x": 0.5,
        "y": 0.5
      }
    },
    "explode_add_00214.png": {
      "frame": {
        "x": 1091,
        "y": 475,
        "w": 382,
        "h": 374
      },
      "rotated": false,
      "trimmed": true,
      "spriteSourceSize": {
        "x": 136,
        "y": 16,
        "w": 382,
        "h": 374
      },
      "sourceSize": {
        "w": 682,
        "h": 592
      },
      "pivot": {
        "x": 0.5,
        "y": 0.5
      }
    },
    "explode_add_00215.png": {
      "frame": {
        "x": 685,
        "y": 933,
        "w": 409,
        "h": 364
      },
      "rotated": false,
      "trimmed": true,
      "spriteSourceSize": {
        "x": 122,
        "y": 16,
        "w": 409,
        "h": 364
      },
      "sourceSize": {
        "w": 682,
        "h": 592
      },
      "pivot": {
        "x": 0.5,
        "y": 0.5
      }
    },
    "explode_add_00216.png": {
      "frame": {
        "x": 1475,
        "y": 471,
        "w": 425,
        "h": 356
      },
      "rotated": false,
      "trimmed": true,
      "spriteSourceSize": {
        "x": 119,
        "y": 16,
        "w": 425,
        "h": 356
      },
      "sourceSize": {
        "w": 682,
        "h": 592
      },
      "pivot": {
        "x": 0.5,
        "y": 0.5
      }
    },
    "explode_add_00217.png": {
      "frame": {
        "x": 772,
        "y": 1299,
        "w": 438,
        "h": 348
      },
      "rotated": false,
      "trimmed": true,
      "spriteSourceSize": {
        "x": 117,
        "y": 16,
        "w": 438,
        "h": 348
      },
      "sourceSize": {
        "w": 682,
        "h": 592
      },
      "pivot": {
        "x": 0.5,
        "y": 0.5
      }
    },
    "explode_add_00219.png": {
      "frame": {
        "x": 1702,
        "y": 1,
        "w": 451,
        "h": 331
      },
      "rotated": true,
      "trimmed": true,
      "spriteSourceSize": {
        "x": 116,
        "y": 16,
        "w": 451,
        "h": 331
      },
      "sourceSize": {
        "w": 682,
        "h": 592
      },
      "pivot": {
        "x": 0.5,
        "y": 0.5
      }
    },
    "explode_add_00220.png": {
      "frame": {
        "x": 1475,
        "y": 829,
        "w": 456,
        "h": 325
      },
      "rotated": false,
      "trimmed": true,
      "spriteSourceSize": {
        "x": 116,
        "y": 16,
        "w": 456,
        "h": 325
      },
      "sourceSize": {
        "w": 682,
        "h": 592
      },
      "pivot": {
        "x": 0.5,
        "y": 0.5
      }
    },
    "explode_add_00221.png": {
      "frame": {
        "x": 772,
        "y": 1649,
        "w": 435,
        "h": 319
      },
      "rotated": false,
      "trimmed": true,
      "spriteSourceSize": {
        "x": 141,
        "y": 16,
        "w": 435,
        "h": 319
      },
      "sourceSize": {
        "w": 682,
        "h": 592
      },
      "pivot": {
        "x": 0.5,
        "y": 0.5
      }
    },
    "explode_add_00222.png": {
      "frame": {
        "x": 1096,
        "y": 851,
        "w": 408,
        "h": 301
      },
      "rotated": true,
      "trimmed": true,
      "spriteSourceSize": {
        "x": 171,
        "y": 16,
        "w": 408,
        "h": 301
      },
      "sourceSize": {
        "w": 682,
        "h": 592
      },
      "pivot": {
        "x": 0.5,
        "y": 0.5
      }
    },
    "explode_add_00224.png": {
      "frame": {
        "x": 1209,
        "y": 1649,
        "w": 411,
        "h": 283
      },
      "rotated": false,
      "trimmed": true,
      "spriteSourceSize": {
        "x": 165,
        "y": 16,
        "w": 411,
        "h": 283
      },
      "sourceSize": {
        "w": 682,
        "h": 592
      },
      "pivot": {
        "x": 0.5,
        "y": 0.5
      }
    },
    "explode_add_00225.png": {
      "frame": {
        "x": 1212,
        "y": 1261,
        "w": 404,
        "h": 253
      },
      "rotated": false,
      "trimmed": true,
      "spriteSourceSize": {
        "x": 174,
        "y": 16,
        "w": 404,
        "h": 253
      },
      "sourceSize": {
        "w": 682,
        "h": 592
      },
      "pivot": {
        "x": 0.5,
        "y": 0.5
      }
    },
    "explode_add_00226.png": {
      "frame": {
        "x": 1,
        "y": 1797,
        "w": 328,
        "h": 242
      },
      "rotated": false,
      "trimmed": true,
      "spriteSourceSize": {
        "x": 235,
        "y": 16,
        "w": 328,
        "h": 242
      },
      "sourceSize": {
        "w": 682,
        "h": 592
      },
      "pivot": {
        "x": 0.5,
        "y": 0.5
      }
    },
    "explode_add_00227.png": {
      "frame": {
        "x": 1622,
        "y": 1156,
        "w": 318,
        "h": 232
      },
      "rotated": false,
      "trimmed": true,
      "spriteSourceSize": {
        "x": 237,
        "y": 16,
        "w": 318,
        "h": 232
      },
      "sourceSize": {
        "w": 682,
        "h": 592
      },
      "pivot": {
        "x": 0.5,
        "y": 0.5
      }
    },
    "explode_add_00229.png": {
      "frame": {
        "x": 1622,
        "y": 1390,
        "w": 224,
        "h": 205
      },
      "rotated": false,
      "trimmed": true,
      "spriteSourceSize": {
        "x": 335,
        "y": 16,
        "w": 224,
        "h": 205
      },
      "sourceSize": {
        "w": 682,
        "h": 592
      },
      "pivot": {
        "x": 0.5,
        "y": 0.5
      }
    },
    "explode_add_00230.png": {
      "frame": {
        "x": 1622,
        "y": 1597,
        "w": 226,
        "h": 196
      },
      "rotated": false,
      "trimmed": true,
      "spriteSourceSize": {
        "x": 337,
        "y": 16,
        "w": 226,
        "h": 196
      },
      "sourceSize": {
        "w": 682,
        "h": 592
      },
      "pivot": {
        "x": 0.5,
        "y": 0.5
      }
    },
    "explode_add_00231.png": {
      "frame": {
        "x": 1622,
        "y": 1795,
        "w": 215,
        "h": 186
      },
      "rotated": false,
      "trimmed": true,
      "spriteSourceSize": {
        "x": 348,
        "y": 16,
        "w": 215,
        "h": 186
      },
      "sourceSize": {
        "w": 682,
        "h": 592
      },
      "pivot": {
        "x": 0.5,
        "y": 0.5
      }
    },
    "explode_add_00233.png": {
      "frame": {
        "x": 253,
        "y": 1,
        "w": 210,
        "h": 141
      },
      "rotated": false,
      "trimmed": true,
      "spriteSourceSize": {
        "x": 353,
        "y": 17,
        "w": 210,
        "h": 141
      },
      "sourceSize": {
        "w": 682,
        "h": 592
      },
      "pivot": {
        "x": 0.5,
        "y": 0.5
      }
    },
    "explode_add_00234.png": {
      "frame": {
        "x": 1212,
        "y": 1516,
        "w": 199,
        "h": 131
      },
      "rotated": false,
      "trimmed": true,
      "spriteSourceSize": {
        "x": 354,
        "y": 17,
        "w": 199,
        "h": 131
      },
      "sourceSize": {
        "w": 682,
        "h": 592
      },
      "pivot": {
        "x": 0.5,
        "y": 0.5
      }
    },
    "explode_add_00235.png": {
      "frame": {
        "x": 1399,
        "y": 1156,
        "w": 192,
        "h": 103
      },
      "rotated": false,
      "trimmed": true,
      "spriteSourceSize": {
        "x": 356,
        "y": 17,
        "w": 192,
        "h": 103
      },
      "sourceSize": {
        "w": 682,
        "h": 592
      },
      "pivot": {
        "x": 0.5,
        "y": 0.5
      }
    }
  },
  "meta": {
    "app": "http://free-tex-packer.com/",
    "version": "0.3.3",
    "image": "explode_add.jpg",
    "format": "RGB888",
    "size": {
      "w": 2048,
      "h": 2048
    },
    "scale": 2
  }
}