{
  "frames": {
    "frame_0.png": {
      "frame": {
        "x": 1,
        "y": 1,
        "w": 50,
        "h": 103
      },
      "rotated": false,
      "trimmed": true,
      "spriteSourceSize": {
        "x": 11,
        "y": 1,
        "w": 50,
        "h": 103
      },
      "sourceSize": {
        "w": 68,
        "h": 127
      },
      "pivot": {
        "x": 0.5,
        "y": 0.5
      }
    },
    "frame_1.png": {
      "frame": {
        "x": 1,
        "y": 106,
        "w": 53,
        "h": 100
      },
      "rotated": false,
      "trimmed": true,
      "spriteSourceSize": {
        "x": 8,
        "y": 3,
        "w": 53,
        "h": 100
      },
      "sourceSize": {
        "w": 68,
        "h": 127
      },
      "pivot": {
        "x": 0.5,
        "y": 0.5
      }
    },
    "frame_2.png": {
      "frame": {
        "x": 53,
        "y": 1,
        "w": 61,
        "h": 101
      },
      "rotated": false,
      "trimmed": true,
      "spriteSourceSize": {
        "x": 3,
        "y": 1,
        "w": 61,
        "h": 101
      },
      "sourceSize": {
        "w": 68,
        "h": 127
      },
      "pivot": {
        "x": 0.5,
        "y": 0.5
      }
    },
    "frame_3.png": {
      "frame": {
        "x": 56,
        "y": 104,
        "w": 58,
        "h": 98
      },
      "rotated": false,
      "trimmed": true,
      "spriteSourceSize": {
        "x": 6,
        "y": 3,
        "w": 58,
        "h": 98
      },
      "sourceSize": {
        "w": 68,
        "h": 127
      },
      "pivot": {
        "x": 0.5,
        "y": 0.5
      }
    },
    "frame_4.png": {
      "frame": {
        "x": 116,
        "y": 1,
        "w": 60,
        "h": 96
      },
      "rotated": false,
      "trimmed": true,
      "spriteSourceSize": {
        "x": 1,
        "y": 4,
        "w": 60,
        "h": 96
      },
      "sourceSize": {
        "w": 68,
        "h": 127
      },
      "pivot": {
        "x": 0.5,
        "y": 0.5
      }
    },
    "frame_5.png": {
      "frame": {
        "x": 116,
        "y": 99,
        "w": 55,
        "h": 98
      },
      "rotated": false,
      "trimmed": true,
      "spriteSourceSize": {
        "x": 7,
        "y": 4,
        "w": 55,
        "h": 98
      },
      "sourceSize": {
        "w": 68,
        "h": 127
      },
      "pivot": {
        "x": 0.5,
        "y": 0.5
      }
    },
    "frame_6.png": {
      "frame": {
        "x": 178,
        "y": 1,
        "w": 53,
        "h": 101
      },
      "rotated": false,
      "trimmed": true,
      "spriteSourceSize": {
        "x": 7,
        "y": 2,
        "w": 53,
        "h": 101
      },
      "sourceSize": {
        "w": 68,
        "h": 127
      },
      "pivot": {
        "x": 0.5,
        "y": 0.5
      }
    },
    "frame_7.png": {
      "frame": {
        "x": 233,
        "y": 1,
        "w": 58,
        "h": 103
      },
      "rotated": false,
      "trimmed": true,
      "spriteSourceSize": {
        "x": 9,
        "y": 0,
        "w": 58,
        "h": 103
      },
      "sourceSize": {
        "w": 68,
        "h": 127
      },
      "pivot": {
        "x": 0.5,
        "y": 0.5
      }
    },
    "frame_8.png": {
      "frame": {
        "x": 293,
        "y": 1,
        "w": 63,
        "h": 104
      },
      "rotated": false,
      "trimmed": true,
      "spriteSourceSize": {
        "x": 0,
        "y": 0,
        "w": 63,
        "h": 104
      },
      "sourceSize": {
        "w": 68,
        "h": 127
      },
      "pivot": {
        "x": 0.5,
        "y": 0.5
      }
    },
    "frame_9.png": {
      "frame": {
        "x": 358,
        "y": 1,
        "w": 59,
        "h": 102
      },
      "rotated": false,
      "trimmed": true,
      "spriteSourceSize": {
        "x": 4,
        "y": 2,
        "w": 59,
        "h": 102
      },
      "sourceSize": {
        "w": 68,
        "h": 127
      },
      "pivot": {
        "x": 0.5,
        "y": 0.5
      }
    }
  },
  "meta": {
    "app": "http://free-tex-packer.com/",
    "version": "0.3.3",
    "image": "ship_fire.jpg",
    "format": "RGB888",
    "size": {
      "w": 512,
      "h": 256
    },
    "scale": 2
  }
}