{
  "frames": {
    "bottom_smoke_01.png": {
      "frame": {
        "x": 1,
        "y": 1,
        "w": 109,
        "h": 161
      },
      "rotated": false,
      "trimmed": true,
      "spriteSourceSize": {
        "x": 15,
        "y": 79,
        "w": 109,
        "h": 161
      },
      "sourceSize": {
        "w": 136,
        "h": 261
      },
      "pivot": {
        "x": 0.5,
        "y": 0.5
      }
    },
    "bottom_smoke_02.png": {
      "frame": {
        "x": 1,
        "y": 164,
        "w": 108,
        "h": 166
      },
      "rotated": false,
      "trimmed": true,
      "spriteSourceSize": {
        "x": 14,
        "y": 74,
        "w": 108,
        "h": 166
      },
      "sourceSize": {
        "w": 136,
        "h": 261
      },
      "pivot": {
        "x": 0.5,
        "y": 0.5
      }
    },
    "bottom_smoke_03.png": {
      "frame": {
        "x": 112,
        "y": 1,
        "w": 108,
        "h": 169
      },
      "rotated": false,
      "trimmed": true,
      "spriteSourceSize": {
        "x": 15,
        "y": 70,
        "w": 108,
        "h": 169
      },
      "sourceSize": {
        "w": 136,
        "h": 261
      },
      "pivot": {
        "x": 0.5,
        "y": 0.5
      }
    },
    "bottom_smoke_04.png": {
      "frame": {
        "x": 1,
        "y": 332,
        "w": 109,
        "h": 175
      },
      "rotated": false,
      "trimmed": true,
      "spriteSourceSize": {
        "x": 14,
        "y": 64,
        "w": 109,
        "h": 175
      },
      "sourceSize": {
        "w": 136,
        "h": 261
      },
      "pivot": {
        "x": 0.5,
        "y": 0.5
      }
    },
    "bottom_smoke_05.png": {
      "frame": {
        "x": 222,
        "y": 1,
        "w": 109,
        "h": 173
      },
      "rotated": false,
      "trimmed": true,
      "spriteSourceSize": {
        "x": 14,
        "y": 66,
        "w": 109,
        "h": 173
      },
      "sourceSize": {
        "w": 136,
        "h": 261
      },
      "pivot": {
        "x": 0.5,
        "y": 0.5
      }
    },
    "bottom_smoke_06.png": {
      "frame": {
        "x": 333,
        "y": 1,
        "w": 110,
        "h": 174
      },
      "rotated": false,
      "trimmed": true,
      "spriteSourceSize": {
        "x": 14,
        "y": 65,
        "w": 110,
        "h": 174
      },
      "sourceSize": {
        "w": 136,
        "h": 261
      },
      "pivot": {
        "x": 0.5,
        "y": 0.5
      }
    },
    "bottom_smoke_07.png": {
      "frame": {
        "x": 111,
        "y": 176,
        "w": 109,
        "h": 176
      },
      "rotated": true,
      "trimmed": true,
      "spriteSourceSize": {
        "x": 14,
        "y": 63,
        "w": 109,
        "h": 176
      },
      "sourceSize": {
        "w": 136,
        "h": 261
      },
      "pivot": {
        "x": 0.5,
        "y": 0.5
      }
    },
    "bottom_smoke_08.png": {
      "frame": {
        "x": 112,
        "y": 287,
        "w": 109,
        "h": 163
      },
      "rotated": false,
      "trimmed": true,
      "spriteSourceSize": {
        "x": 14,
        "y": 75,
        "w": 109,
        "h": 163
      },
      "sourceSize": {
        "w": 136,
        "h": 261
      },
      "pivot": {
        "x": 0.5,
        "y": 0.5
      }
    },
    "bottom_smoke_09.png": {
      "frame": {
        "x": 289,
        "y": 177,
        "w": 108,
        "h": 162
      },
      "rotated": false,
      "trimmed": true,
      "spriteSourceSize": {
        "x": 14,
        "y": 78,
        "w": 108,
        "h": 162
      },
      "sourceSize": {
        "w": 136,
        "h": 261
      },
      "pivot": {
        "x": 0.5,
        "y": 0.5
      }
    },
    "bottom_smoke_10.png": {
      "frame": {
        "x": 399,
        "y": 177,
        "w": 109,
        "h": 156
      },
      "rotated": false,
      "trimmed": true,
      "spriteSourceSize": {
        "x": 14,
        "y": 83,
        "w": 109,
        "h": 156
      },
      "sourceSize": {
        "w": 136,
        "h": 261
      },
      "pivot": {
        "x": 0.5,
        "y": 0.5
      }
    },
    "bottom_smoke_11.png": {
      "frame": {
        "x": 223,
        "y": 341,
        "w": 109,
        "h": 159
      },
      "rotated": false,
      "trimmed": true,
      "spriteSourceSize": {
        "x": 14,
        "y": 81,
        "w": 109,
        "h": 159
      },
      "sourceSize": {
        "w": 136,
        "h": 261
      },
      "pivot": {
        "x": 0.5,
        "y": 0.5
      }
    },
    "bottom_smoke_12.png": {
      "frame": {
        "x": 399,
        "y": 335,
        "w": 109,
        "h": 162
      },
      "rotated": false,
      "trimmed": true,
      "spriteSourceSize": {
        "x": 15,
        "y": 79,
        "w": 109,
        "h": 162
      },
      "sourceSize": {
        "w": 136,
        "h": 261
      },
      "pivot": {
        "x": 0.5,
        "y": 0.5
      }
    }
  },
  "meta": {
    "app": "http://free-tex-packer.com/",
    "version": "0.3.3",
    "image": "bottom_smoke.jpg",
    "format": "RGB888",
    "size": {
      "w": 512,
      "h": 512
    },
    "scale": 2
  }
}