{
  "frames": {
    "bottom_fire_01.png": {
      "frame": {
        "x": 1,
        "y": 1,
        "w": 57,
        "h": 49
      },
      "rotated": true,
      "trimmed": true,
      "spriteSourceSize": {
        "x": 91,
        "y": 178,
        "w": 57,
        "h": 49
      },
      "sourceSize": {
        "w": 212,
        "h": 395
      },
      "pivot": {
        "x": 0.5,
        "y": 0.5
      }
    },
    "bottom_fire_02.png": {
      "frame": {
        "x": 1,
        "y": 60,
        "w": 75,
        "h": 96
      },
      "rotated": false,
      "trimmed": true,
      "spriteSourceSize": {
        "x": 82,
        "y": 143,
        "w": 75,
        "h": 96
      },
      "sourceSize": {
        "w": 212,
        "h": 395
      },
      "pivot": {
        "x": 0.5,
        "y": 0.5
      }
    },
    "bottom_fire_03.png": {
      "frame": {
        "x": 1,
        "y": 158,
        "w": 93,
        "h": 145
      },
      "rotated": false,
      "trimmed": true,
      "spriteSourceSize": {
        "x": 73,
        "y": 106,
        "w": 93,
        "h": 145
      },
      "sourceSize": {
        "w": 212,
        "h": 395
      },
      "pivot": {
        "x": 0.5,
        "y": 0.5
      }
    },
    "bottom_fire_04.png": {
      "frame": {
        "x": 78,
        "y": 1,
        "w": 108,
        "h": 192
      },
      "rotated": true,
      "trimmed": true,
      "spriteSourceSize": {
        "x": 66,
        "y": 71,
        "w": 108,
        "h": 192
      },
      "sourceSize": {
        "w": 212,
        "h": 395
      },
      "pivot": {
        "x": 0.5,
        "y": 0.5
      }
    },
    "bottom_fire_05.png": {
      "frame": {
        "x": 1,
        "y": 305,
        "w": 140,
        "h": 273
      },
      "rotated": false,
      "trimmed": true,
      "spriteSourceSize": {
        "x": 49,
        "y": 11,
        "w": 140,
        "h": 273
      },
      "sourceSize": {
        "w": 212,
        "h": 395
      },
      "pivot": {
        "x": 0.5,
        "y": 0.5
      }
    },
    "bottom_fire_06.png": {
      "frame": {
        "x": 96,
        "y": 111,
        "w": 156,
        "h": 292
      },
      "rotated": true,
      "trimmed": true,
      "spriteSourceSize": {
        "x": 42,
        "y": 0,
        "w": 156,
        "h": 292
      },
      "sourceSize": {
        "w": 212,
        "h": 395
      },
      "pivot": {
        "x": 0.5,
        "y": 0.5
      }
    },
    "bottom_fire_07.png": {
      "frame": {
        "x": 1,
        "y": 580,
        "w": 165,
        "h": 297
      },
      "rotated": false,
      "trimmed": true,
      "spriteSourceSize": {
        "x": 37,
        "y": 0,
        "w": 165,
        "h": 297
      },
      "sourceSize": {
        "w": 212,
        "h": 395
      },
      "pivot": {
        "x": 0.5,
        "y": 0.5
      }
    },
    "bottom_fire_08.png": {
      "frame": {
        "x": 143,
        "y": 269,
        "w": 172,
        "h": 300
      },
      "rotated": false,
      "trimmed": true,
      "spriteSourceSize": {
        "x": 33,
        "y": 0,
        "w": 172,
        "h": 300
      },
      "sourceSize": {
        "w": 212,
        "h": 395
      },
      "pivot": {
        "x": 0.5,
        "y": 0.5
      }
    },
    "bottom_fire_09.png": {
      "frame": {
        "x": 168,
        "y": 571,
        "w": 173,
        "h": 299
      },
      "rotated": false,
      "trimmed": true,
      "spriteSourceSize": {
        "x": 33,
        "y": 0,
        "w": 173,
        "h": 299
      },
      "sourceSize": {
        "w": 212,
        "h": 395
      },
      "pivot": {
        "x": 0.5,
        "y": 0.5
      }
    },
    "bottom_fire_10.png": {
      "frame": {
        "x": 317,
        "y": 269,
        "w": 173,
        "h": 296
      },
      "rotated": false,
      "trimmed": true,
      "spriteSourceSize": {
        "x": 33,
        "y": 0,
        "w": 173,
        "h": 296
      },
      "sourceSize": {
        "w": 212,
        "h": 395
      },
      "pivot": {
        "x": 0.5,
        "y": 0.5
      }
    },
    "bottom_fire_11.png": {
      "frame": {
        "x": 390,
        "y": 1,
        "w": 173,
        "h": 296
      },
      "rotated": true,
      "trimmed": true,
      "spriteSourceSize": {
        "x": 33,
        "y": 0,
        "w": 173,
        "h": 296
      },
      "sourceSize": {
        "w": 212,
        "h": 395
      },
      "pivot": {
        "x": 0.5,
        "y": 0.5
      }
    },
    "bottom_fire_12.png": {
      "frame": {
        "x": 343,
        "y": 567,
        "w": 172,
        "h": 293
      },
      "rotated": false,
      "trimmed": true,
      "spriteSourceSize": {
        "x": 33,
        "y": 0,
        "w": 172,
        "h": 293
      },
      "sourceSize": {
        "w": 212,
        "h": 395
      },
      "pivot": {
        "x": 0.5,
        "y": 0.5
      }
    },
    "bottom_fire_13.png": {
      "frame": {
        "x": 492,
        "y": 176,
        "w": 173,
        "h": 288
      },
      "rotated": false,
      "trimmed": true,
      "spriteSourceSize": {
        "x": 33,
        "y": 0,
        "w": 173,
        "h": 288
      },
      "sourceSize": {
        "w": 212,
        "h": 395
      },
      "pivot": {
        "x": 0.5,
        "y": 0.5
      }
    },
    "bottom_fire_14.png": {
      "frame": {
        "x": 517,
        "y": 466,
        "w": 172,
        "h": 286
      },
      "rotated": false,
      "trimmed": true,
      "spriteSourceSize": {
        "x": 33,
        "y": 0,
        "w": 172,
        "h": 286
      },
      "sourceSize": {
        "w": 212,
        "h": 395
      },
      "pivot": {
        "x": 0.5,
        "y": 0.5
      }
    },
    "bottom_fire_15.png": {
      "frame": {
        "x": 667,
        "y": 176,
        "w": 173,
        "h": 279
      },
      "rotated": false,
      "trimmed": true,
      "spriteSourceSize": {
        "x": 33,
        "y": 5,
        "w": 173,
        "h": 279
      },
      "sourceSize": {
        "w": 212,
        "h": 395
      },
      "pivot": {
        "x": 0.5,
        "y": 0.5
      }
    },
    "bottom_fire_16.png": {
      "frame": {
        "x": 688,
        "y": 1,
        "w": 172,
        "h": 266
      },
      "rotated": true,
      "trimmed": true,
      "spriteSourceSize": {
        "x": 33,
        "y": 14,
        "w": 172,
        "h": 266
      },
      "sourceSize": {
        "w": 212,
        "h": 395
      },
      "pivot": {
        "x": 0.5,
        "y": 0.5
      }
    },
    "bottom_fire_17.png": {
      "frame": {
        "x": 517,
        "y": 754,
        "w": 172,
        "h": 256
      },
      "rotated": false,
      "trimmed": true,
      "spriteSourceSize": {
        "x": 33,
        "y": 23,
        "w": 172,
        "h": 256
      },
      "sourceSize": {
        "w": 212,
        "h": 395
      },
      "pivot": {
        "x": 0.5,
        "y": 0.5
      }
    },
    "bottom_fire_18.png": {
      "frame": {
        "x": 691,
        "y": 457,
        "w": 172,
        "h": 254
      },
      "rotated": false,
      "trimmed": true,
      "spriteSourceSize": {
        "x": 33,
        "y": 25,
        "w": 172,
        "h": 254
      },
      "sourceSize": {
        "w": 212,
        "h": 395
      },
      "pivot": {
        "x": 0.5,
        "y": 0.5
      }
    },
    "bottom_fire_19.png": {
      "frame": {
        "x": 842,
        "y": 175,
        "w": 172,
        "h": 254
      },
      "rotated": false,
      "trimmed": true,
      "spriteSourceSize": {
        "x": 33,
        "y": 25,
        "w": 172,
        "h": 254
      },
      "sourceSize": {
        "w": 212,
        "h": 395
      },
      "pivot": {
        "x": 0.5,
        "y": 0.5
      }
    },
    "bottom_fire_20.png": {
      "frame": {
        "x": 956,
        "y": 1,
        "w": 172,
        "h": 253
      },
      "rotated": true,
      "trimmed": true,
      "spriteSourceSize": {
        "x": 33,
        "y": 26,
        "w": 172,
        "h": 253
      },
      "sourceSize": {
        "w": 212,
        "h": 395
      },
      "pivot": {
        "x": 0.5,
        "y": 0.5
      }
    },
    "bottom_fire_21.png": {
      "frame": {
        "x": 1211,
        "y": 1,
        "w": 172,
        "h": 252
      },
      "rotated": true,
      "trimmed": true,
      "spriteSourceSize": {
        "x": 33,
        "y": 27,
        "w": 172,
        "h": 252
      },
      "sourceSize": {
        "w": 212,
        "h": 395
      },
      "pivot": {
        "x": 0.5,
        "y": 0.5
      }
    },
    "bottom_fire_22.png": {
      "frame": {
        "x": 691,
        "y": 713,
        "w": 172,
        "h": 253
      },
      "rotated": false,
      "trimmed": true,
      "spriteSourceSize": {
        "x": 33,
        "y": 26,
        "w": 172,
        "h": 253
      },
      "sourceSize": {
        "w": 212,
        "h": 395
      },
      "pivot": {
        "x": 0.5,
        "y": 0.5
      }
    },
    "bottom_fire_23.png": {
      "frame": {
        "x": 1465,
        "y": 1,
        "w": 173,
        "h": 257
      },
      "rotated": true,
      "trimmed": true,
      "spriteSourceSize": {
        "x": 33,
        "y": 22,
        "w": 173,
        "h": 257
      },
      "sourceSize": {
        "w": 212,
        "h": 395
      },
      "pivot": {
        "x": 0.5,
        "y": 0.5
      }
    },
    "bottom_fire_24.png": {
      "frame": {
        "x": 1724,
        "y": 1,
        "w": 172,
        "h": 257
      },
      "rotated": true,
      "trimmed": true,
      "spriteSourceSize": {
        "x": 33,
        "y": 22,
        "w": 172,
        "h": 257
      },
      "sourceSize": {
        "w": 212,
        "h": 395
      },
      "pivot": {
        "x": 0.5,
        "y": 0.5
      }
    },
    "bottom_fire_25.png": {
      "frame": {
        "x": 1724,
        "y": 175,
        "w": 172,
        "h": 255
      },
      "rotated": true,
      "trimmed": true,
      "spriteSourceSize": {
        "x": 33,
        "y": 24,
        "w": 172,
        "h": 255
      },
      "sourceSize": {
        "w": 212,
        "h": 395
      },
      "pivot": {
        "x": 0.5,
        "y": 0.5
      }
    },
    "bottom_fire_26.png": {
      "frame": {
        "x": 1016,
        "y": 175,
        "w": 172,
        "h": 254
      },
      "rotated": true,
      "trimmed": true,
      "spriteSourceSize": {
        "x": 33,
        "y": 25,
        "w": 172,
        "h": 254
      },
      "sourceSize": {
        "w": 212,
        "h": 395
      },
      "pivot": {
        "x": 0.5,
        "y": 0.5
      }
    },
    "bottom_fire_27.png": {
      "frame": {
        "x": 1272,
        "y": 175,
        "w": 172,
        "h": 255
      },
      "rotated": false,
      "trimmed": true,
      "spriteSourceSize": {
        "x": 33,
        "y": 24,
        "w": 172,
        "h": 255
      },
      "sourceSize": {
        "w": 212,
        "h": 395
      },
      "pivot": {
        "x": 0.5,
        "y": 0.5
      }
    },
    "bottom_fire_28.png": {
      "frame": {
        "x": 1446,
        "y": 176,
        "w": 173,
        "h": 256
      },
      "rotated": true,
      "trimmed": true,
      "spriteSourceSize": {
        "x": 33,
        "y": 23,
        "w": 173,
        "h": 256
      },
      "sourceSize": {
        "w": 212,
        "h": 395
      },
      "pivot": {
        "x": 0.5,
        "y": 0.5
      }
    },
    "bottom_fire_29.png": {
      "frame": {
        "x": 1446,
        "y": 351,
        "w": 173,
        "h": 255
      },
      "rotated": true,
      "trimmed": true,
      "spriteSourceSize": {
        "x": 33,
        "y": 24,
        "w": 173,
        "h": 255
      },
      "sourceSize": {
        "w": 212,
        "h": 395
      },
      "pivot": {
        "x": 0.5,
        "y": 0.5
      }
    },
    "bottom_fire_30.png": {
      "frame": {
        "x": 1446,
        "y": 526,
        "w": 172,
        "h": 259
      },
      "rotated": true,
      "trimmed": true,
      "spriteSourceSize": {
        "x": 33,
        "y": 20,
        "w": 172,
        "h": 259
      },
      "sourceSize": {
        "w": 212,
        "h": 395
      },
      "pivot": {
        "x": 0.5,
        "y": 0.5
      }
    },
    "bottom_fire_31.png": {
      "frame": {
        "x": 1703,
        "y": 351,
        "w": 172,
        "h": 258
      },
      "rotated": true,
      "trimmed": true,
      "spriteSourceSize": {
        "x": 33,
        "y": 21,
        "w": 172,
        "h": 258
      },
      "sourceSize": {
        "w": 212,
        "h": 395
      },
      "pivot": {
        "x": 0.5,
        "y": 0.5
      }
    }
  },
  "meta": {
    "app": "http://free-tex-packer.com/",
    "version": "0.3.3",
    "image": "bottom_fire.jpg",
    "format": "RGB888",
    "size": {
      "w": 2048,
      "h": 1024
    },
    "scale": 2
  }
}