{
  "frames": {
    "big_flare.jpg": {
      "frame": {
        "x": 1,
        "y": 1,
        "w": 180,
        "h": 172
      },
      "rotated": false,
      "trimmed": true,
      "spriteSourceSize": {
        "x": 0,
        "y": 0,
        "w": 180,
        "h": 172
      },
      "sourceSize": {
        "w": 182,
        "h": 176
      },
      "pivot": {
        "x": 0.5,
        "y": 0.5
      }
    },
    "big_flare_purple.png": {
      "frame": {
        "x": 1,
        "y": 175,
        "w": 182,
        "h": 176
      },
      "rotated": false,
      "trimmed": false,
      "spriteSourceSize": {
        "x": 0,
        "y": 0,
        "w": 182,
        "h": 176
      },
      "sourceSize": {
        "w": 182,
        "h": 176
      },
      "pivot": {
        "x": 0.5,
        "y": 0.5
      }
    },
    "curcle_blast.png": {
      "frame": {
        "x": 1,
        "y": 353,
        "w": 117,
        "h": 119
      },
      "rotated": false,
      "trimmed": false,
      "spriteSourceSize": {
        "x": 0,
        "y": 0,
        "w": 117,
        "h": 119
      },
      "sourceSize": {
        "w": 117,
        "h": 119
      },
      "pivot": {
        "x": 0.5,
        "y": 0.5
      }
    },
    "curcle_purple.jpg": {
      "frame": {
        "x": 185,
        "y": 1,
        "w": 193,
        "h": 192
      },
      "rotated": false,
      "trimmed": true,
      "spriteSourceSize": {
        "x": 7,
        "y": 7,
        "w": 193,
        "h": 192
      },
      "sourceSize": {
        "w": 206,
        "h": 206
      },
      "pivot": {
        "x": 0.5,
        "y": 0.5
      }
    },
    "eye_bg.jpg": {
      "frame": {
        "x": 1,
        "y": 474,
        "w": 62,
        "h": 63
      },
      "rotated": false,
      "trimmed": false,
      "spriteSourceSize": {
        "x": 0,
        "y": 0,
        "w": 62,
        "h": 63
      },
      "sourceSize": {
        "w": 62,
        "h": 63
      },
      "pivot": {
        "x": 0.5,
        "y": 0.5
      }
    },
    "fragment_glow_1.png": {
      "frame": {
        "x": 120,
        "y": 353,
        "w": 18,
        "h": 14
      },
      "rotated": false,
      "trimmed": false,
      "spriteSourceSize": {
        "x": 0,
        "y": 0,
        "w": 18,
        "h": 14
      },
      "sourceSize": {
        "w": 18,
        "h": 14
      },
      "pivot": {
        "x": 0.5,
        "y": 0.5
      }
    },
    "fragment_glow_2.png": {
      "frame": {
        "x": 185,
        "y": 195,
        "w": 15,
        "h": 12
      },
      "rotated": false,
      "trimmed": false,
      "spriteSourceSize": {
        "x": 0,
        "y": 0,
        "w": 15,
        "h": 12
      },
      "sourceSize": {
        "w": 15,
        "h": 12
      },
      "pivot": {
        "x": 0.5,
        "y": 0.5
      }
    },
    "fragment_glow_3.png": {
      "frame": {
        "x": 380,
        "y": 1,
        "w": 13,
        "h": 16
      },
      "rotated": false,
      "trimmed": false,
      "spriteSourceSize": {
        "x": 0,
        "y": 0,
        "w": 13,
        "h": 16
      },
      "sourceSize": {
        "w": 13,
        "h": 16
      },
      "pivot": {
        "x": 0.5,
        "y": 0.5
      }
    },
    "fragment_glow_4.png": {
      "frame": {
        "x": 1,
        "y": 539,
        "w": 14,
        "h": 14
      },
      "rotated": false,
      "trimmed": false,
      "spriteSourceSize": {
        "x": 0,
        "y": 0,
        "w": 14,
        "h": 14
      },
      "sourceSize": {
        "w": 14,
        "h": 14
      },
      "pivot": {
        "x": 0.5,
        "y": 0.5
      }
    },
    "fragment_glow_5.png": {
      "frame": {
        "x": 65,
        "y": 474,
        "w": 11,
        "h": 12
      },
      "rotated": false,
      "trimmed": false,
      "spriteSourceSize": {
        "x": 0,
        "y": 0,
        "w": 11,
        "h": 12
      },
      "sourceSize": {
        "w": 11,
        "h": 12
      },
      "pivot": {
        "x": 0.5,
        "y": 0.5
      }
    },
    "fragment_glow_6.png": {
      "frame": {
        "x": 120,
        "y": 369,
        "w": 16,
        "h": 14
      },
      "rotated": false,
      "trimmed": false,
      "spriteSourceSize": {
        "x": 0,
        "y": 0,
        "w": 16,
        "h": 14
      },
      "sourceSize": {
        "w": 16,
        "h": 14
      },
      "pivot": {
        "x": 0.5,
        "y": 0.5
      }
    },
    "fragment_glow_7.png": {
      "frame": {
        "x": 140,
        "y": 353,
        "w": 16,
        "h": 18
      },
      "rotated": false,
      "trimmed": false,
      "spriteSourceSize": {
        "x": 0,
        "y": 0,
        "w": 16,
        "h": 18
      },
      "sourceSize": {
        "w": 16,
        "h": 18
      },
      "pivot": {
        "x": 0.5,
        "y": 0.5
      }
    },
    "fragment_glow_8.png": {
      "frame": {
        "x": 185,
        "y": 209,
        "w": 14,
        "h": 12
      },
      "rotated": false,
      "trimmed": false,
      "spriteSourceSize": {
        "x": 0,
        "y": 0,
        "w": 14,
        "h": 12
      },
      "sourceSize": {
        "w": 14,
        "h": 12
      },
      "pivot": {
        "x": 0.5,
        "y": 0.5
      }
    },
    "fragment_white_1.png": {
      "frame": {
        "x": 202,
        "y": 195,
        "w": 34,
        "h": 26
      },
      "rotated": false,
      "trimmed": false,
      "spriteSourceSize": {
        "x": 0,
        "y": 0,
        "w": 34,
        "h": 26
      },
      "sourceSize": {
        "w": 34,
        "h": 26
      },
      "pivot": {
        "x": 0.5,
        "y": 0.5
      }
    },
    "fragment_white_2.png": {
      "frame": {
        "x": 380,
        "y": 19,
        "w": 28,
        "h": 22
      },
      "rotated": false,
      "trimmed": false,
      "spriteSourceSize": {
        "x": 0,
        "y": 0,
        "w": 28,
        "h": 22
      },
      "sourceSize": {
        "w": 28,
        "h": 22
      },
      "pivot": {
        "x": 0.5,
        "y": 0.5
      }
    },
    "fragment_white_3.png": {
      "frame": {
        "x": 1,
        "y": 555,
        "w": 24,
        "h": 30
      },
      "rotated": false,
      "trimmed": false,
      "spriteSourceSize": {
        "x": 0,
        "y": 0,
        "w": 24,
        "h": 30
      },
      "sourceSize": {
        "w": 24,
        "h": 30
      },
      "pivot": {
        "x": 0.5,
        "y": 0.5
      }
    },
    "fragment_white_4.png": {
      "frame": {
        "x": 65,
        "y": 488,
        "w": 26,
        "h": 26
      },
      "rotated": false,
      "trimmed": false,
      "spriteSourceSize": {
        "x": 0,
        "y": 0,
        "w": 26,
        "h": 26
      },
      "sourceSize": {
        "w": 26,
        "h": 26
      },
      "pivot": {
        "x": 0.5,
        "y": 0.5
      }
    },
    "fragment_white_5.png": {
      "frame": {
        "x": 120,
        "y": 385,
        "w": 20,
        "h": 22
      },
      "rotated": false,
      "trimmed": false,
      "spriteSourceSize": {
        "x": 0,
        "y": 0,
        "w": 20,
        "h": 22
      },
      "sourceSize": {
        "w": 20,
        "h": 22
      },
      "pivot": {
        "x": 0.5,
        "y": 0.5
      }
    },
    "fragment_white_6.png": {
      "frame": {
        "x": 158,
        "y": 353,
        "w": 30,
        "h": 28
      },
      "rotated": false,
      "trimmed": false,
      "spriteSourceSize": {
        "x": 0,
        "y": 0,
        "w": 30,
        "h": 28
      },
      "sourceSize": {
        "w": 30,
        "h": 28
      },
      "pivot": {
        "x": 0.5,
        "y": 0.5
      }
    },
    "fragment_white_7.png": {
      "frame": {
        "x": 238,
        "y": 195,
        "w": 30,
        "h": 34
      },
      "rotated": false,
      "trimmed": false,
      "spriteSourceSize": {
        "x": 0,
        "y": 0,
        "w": 30,
        "h": 34
      },
      "sourceSize": {
        "w": 30,
        "h": 34
      },
      "pivot": {
        "x": 0.5,
        "y": 0.5
      }
    },
    "fragment_white_8.png": {
      "frame": {
        "x": 380,
        "y": 43,
        "w": 26,
        "h": 22
      },
      "rotated": false,
      "trimmed": false,
      "spriteSourceSize": {
        "x": 0,
        "y": 0,
        "w": 26,
        "h": 22
      },
      "sourceSize": {
        "w": 26,
        "h": 22
      },
      "pivot": {
        "x": 0.5,
        "y": 0.5
      }
    },
    "fragments_eye_glow.jpg": {
      "frame": {
        "x": 410,
        "y": 1,
        "w": 62,
        "h": 64
      },
      "rotated": false,
      "trimmed": false,
      "spriteSourceSize": {
        "x": 0,
        "y": 0,
        "w": 62,
        "h": 64
      },
      "sourceSize": {
        "w": 62,
        "h": 64
      },
      "pivot": {
        "x": 0.5,
        "y": 0.5
      }
    },
    "marker_auras.jpg": {
      "frame": {
        "x": 1,
        "y": 587,
        "w": 112,
        "h": 113
      },
      "rotated": false,
      "trimmed": true,
      "spriteSourceSize": {
        "x": 1,
        "y": 0,
        "w": 112,
        "h": 113
      },
      "sourceSize": {
        "w": 113,
        "h": 113
      },
      "pivot": {
        "x": 0.5,
        "y": 0.5
      }
    },
    "orange_flare.jpg": {
      "frame": {
        "x": 120,
        "y": 409,
        "w": 223,
        "h": 212
      },
      "rotated": false,
      "trimmed": true,
      "spriteSourceSize": {
        "x": 4,
        "y": 10,
        "w": 223,
        "h": 212
      },
      "sourceSize": {
        "w": 266,
        "h": 244
      },
      "pivot": {
        "x": 0.5,
        "y": 0.5
      }
    },
    "screen_purple.png": {
      "frame": {
        "x": 185,
        "y": 231,
        "w": 48,
        "h": 27
      },
      "rotated": false,
      "trimmed": false,
      "spriteSourceSize": {
        "x": 0,
        "y": 0,
        "w": 48,
        "h": 27
      },
      "sourceSize": {
        "w": 48,
        "h": 27
      },
      "pivot": {
        "x": 0.5,
        "y": 0.5
      }
    },
    "stone_hand_glow.jpg": {
      "frame": {
        "x": 1,
        "y": 702,
        "w": 200,
        "h": 407
      },
      "rotated": true,
      "trimmed": true,
      "spriteSourceSize": {
        "x": 0,
        "y": 9,
        "w": 200,
        "h": 407
      },
      "sourceSize": {
        "w": 200,
        "h": 426
      },
      "pivot": {
        "x": 0.5,
        "y": 0.5
      }
    },
    "stone_purple_glow_add.png": {
      "frame": {
        "x": 270,
        "y": 195,
        "w": 126,
        "h": 129
      },
      "rotated": false,
      "trimmed": false,
      "spriteSourceSize": {
        "x": 0,
        "y": 0,
        "w": 126,
        "h": 129
      },
      "sourceSize": {
        "w": 126,
        "h": 129
      },
      "pivot": {
        "x": 0.5,
        "y": 0.5
      }
    }
  },
  "meta": {
    "app": "http://free-tex-packer.com/",
    "version": "0.3.3",
    "image": "dragonstone_assets_blend.png",
    "format": "RGBA8888",
    "size": {
      "w": 512,
      "h": 1024
    },
    "scale": 2
  }
}