{
  "frames": {
    "light_00362.jpg": {
      "frame": {
        "x": 1,
        "y": 1,
        "w": 255,
        "h": 238
      },
      "rotated": false,
      "trimmed": true,
      "spriteSourceSize": {
        "x": 206,
        "y": 88,
        "w": 255,
        "h": 238
      },
      "sourceSize": {
        "w": 587,
        "h": 477
      },
      "pivot": {
        "x": 0.5,
        "y": 0.5
      }
    },
    "light_00363.jpg": {
      "frame": {
        "x": 258,
        "y": 1,
        "w": 339,
        "h": 298
      },
      "rotated": false,
      "trimmed": true,
      "spriteSourceSize": {
        "x": 165,
        "y": 54,
        "w": 339,
        "h": 298
      },
      "sourceSize": {
        "w": 587,
        "h": 477
      },
      "pivot": {
        "x": 0.5,
        "y": 0.5
      }
    },
    "light_00364.jpg": {
      "frame": {
        "x": 599,
        "y": 1,
        "w": 440,
        "h": 375
      },
      "rotated": true,
      "trimmed": true,
      "spriteSourceSize": {
        "x": 112,
        "y": 24,
        "w": 440,
        "h": 375
      },
      "sourceSize": {
        "w": 587,
        "h": 477
      },
      "pivot": {
        "x": 0.5,
        "y": 0.5
      }
    },
    "light_00365.jpg": {
      "frame": {
        "x": 1,
        "y": 443,
        "w": 504,
        "h": 393
      },
      "rotated": true,
      "trimmed": true,
      "spriteSourceSize": {
        "x": 64,
        "y": 23,
        "w": 504,
        "h": 393
      },
      "sourceSize": {
        "w": 587,
        "h": 477
      },
      "pivot": {
        "x": 0.5,
        "y": 0.5
      }
    },
    "light_00366.jpg": {
      "frame": {
        "x": 396,
        "y": 443,
        "w": 504,
        "h": 393
      },
      "rotated": true,
      "trimmed": true,
      "spriteSourceSize": {
        "x": 64,
        "y": 23,
        "w": 504,
        "h": 393
      },
      "sourceSize": {
        "w": 587,
        "h": 477
      },
      "pivot": {
        "x": 0.5,
        "y": 0.5
      }
    }
  },
  "meta": {
    "app": "http://free-tex-packer.com/",
    "version": "0.3.3",
    "image": "final_lightning_explosion.jpg",
    "format": "RGB888",
    "size": {
      "w": 1024,
      "h": 1024
    },
    "scale": 2
  }
}