{
  "frames": {
    "smoke_01.png": {
      "frame": {
        "x": 1,
        "y": 1,
        "w": 42,
        "h": 44
      },
      "rotated": false,
      "trimmed": true,
      "spriteSourceSize": {
        "x": 85,
        "y": 227,
        "w": 42,
        "h": 44
      },
      "sourceSize": {
        "w": 224,
        "h": 389
      },
      "pivot": {
        "x": 0.5,
        "y": 0.5
      }
    },
    "smoke_02.png": {
      "frame": {
        "x": 1,
        "y": 47,
        "w": 57,
        "h": 56
      },
      "rotated": false,
      "trimmed": true,
      "spriteSourceSize": {
        "x": 77,
        "y": 215,
        "w": 57,
        "h": 56
      },
      "sourceSize": {
        "w": 224,
        "h": 389
      },
      "pivot": {
        "x": 0.5,
        "y": 0.5
      }
    },
    "smoke_03.png": {
      "frame": {
        "x": 1,
        "y": 105,
        "w": 70,
        "h": 69
      },
      "rotated": false,
      "trimmed": true,
      "spriteSourceSize": {
        "x": 70,
        "y": 202,
        "w": 70,
        "h": 69
      },
      "sourceSize": {
        "w": 224,
        "h": 389
      },
      "pivot": {
        "x": 0.5,
        "y": 0.5
      }
    },
    "smoke_04.png": {
      "frame": {
        "x": 1,
        "y": 176,
        "w": 81,
        "h": 81
      },
      "rotated": false,
      "trimmed": true,
      "spriteSourceSize": {
        "x": 63,
        "y": 190,
        "w": 81,
        "h": 81
      },
      "sourceSize": {
        "w": 224,
        "h": 389
      },
      "pivot": {
        "x": 0.5,
        "y": 0.5
      }
    },
    "smoke_05.png": {
      "frame": {
        "x": 60,
        "y": 1,
        "w": 99,
        "h": 98
      },
      "rotated": false,
      "trimmed": true,
      "spriteSourceSize": {
        "x": 53,
        "y": 169,
        "w": 99,
        "h": 98
      },
      "sourceSize": {
        "w": 224,
        "h": 389
      },
      "pivot": {
        "x": 0.5,
        "y": 0.5
      }
    },
    "smoke_06.png": {
      "frame": {
        "x": 1,
        "y": 259,
        "w": 108,
        "h": 106
      },
      "rotated": false,
      "trimmed": true,
      "spriteSourceSize": {
        "x": 49,
        "y": 158,
        "w": 108,
        "h": 106
      },
      "sourceSize": {
        "w": 224,
        "h": 389
      },
      "pivot": {
        "x": 0.5,
        "y": 0.5
      }
    },
    "smoke_07.png": {
      "frame": {
        "x": 161,
        "y": 1,
        "w": 116,
        "h": 114
      },
      "rotated": false,
      "trimmed": true,
      "spriteSourceSize": {
        "x": 45,
        "y": 148,
        "w": 116,
        "h": 114
      },
      "sourceSize": {
        "w": 224,
        "h": 389
      },
      "pivot": {
        "x": 0.5,
        "y": 0.5
      }
    },
    "smoke_08.png": {
      "frame": {
        "x": 1,
        "y": 367,
        "w": 123,
        "h": 119
      },
      "rotated": false,
      "trimmed": true,
      "spriteSourceSize": {
        "x": 42,
        "y": 139,
        "w": 123,
        "h": 119
      },
      "sourceSize": {
        "w": 224,
        "h": 389
      },
      "pivot": {
        "x": 0.5,
        "y": 0.5
      }
    },
    "smoke_09.png": {
      "frame": {
        "x": 279,
        "y": 1,
        "w": 133,
        "h": 131
      },
      "rotated": false,
      "trimmed": true,
      "spriteSourceSize": {
        "x": 38,
        "y": 119,
        "w": 133,
        "h": 131
      },
      "sourceSize": {
        "w": 224,
        "h": 389
      },
      "pivot": {
        "x": 0.5,
        "y": 0.5
      }
    },
    "smoke_10.png": {
      "frame": {
        "x": 279,
        "y": 134,
        "w": 136,
        "h": 136
      },
      "rotated": false,
      "trimmed": true,
      "spriteSourceSize": {
        "x": 36,
        "y": 110,
        "w": 136,
        "h": 136
      },
      "sourceSize": {
        "w": 224,
        "h": 389
      },
      "pivot": {
        "x": 0.5,
        "y": 0.5
      }
    },
    "smoke_11.png": {
      "frame": {
        "x": 84,
        "y": 117,
        "w": 140,
        "h": 140
      },
      "rotated": false,
      "trimmed": true,
      "spriteSourceSize": {
        "x": 34,
        "y": 101,
        "w": 140,
        "h": 140
      },
      "sourceSize": {
        "w": 224,
        "h": 389
      },
      "pivot": {
        "x": 0.5,
        "y": 0.5
      }
    },
    "smoke_12.png": {
      "frame": {
        "x": 417,
        "y": 1,
        "w": 144,
        "h": 143
      },
      "rotated": false,
      "trimmed": true,
      "spriteSourceSize": {
        "x": 32,
        "y": 93,
        "w": 144,
        "h": 143
      },
      "sourceSize": {
        "w": 224,
        "h": 389
      },
      "pivot": {
        "x": 0.5,
        "y": 0.5
      }
    },
    "smoke_13.png": {
      "frame": {
        "x": 126,
        "y": 272,
        "w": 146,
        "h": 148
      },
      "rotated": false,
      "trimmed": true,
      "spriteSourceSize": {
        "x": 28,
        "y": 78,
        "w": 146,
        "h": 148
      },
      "sourceSize": {
        "w": 224,
        "h": 389
      },
      "pivot": {
        "x": 0.5,
        "y": 0.5
      }
    },
    "smoke_14.png": {
      "frame": {
        "x": 417,
        "y": 146,
        "w": 148,
        "h": 152
      },
      "rotated": false,
      "trimmed": true,
      "spriteSourceSize": {
        "x": 26,
        "y": 69,
        "w": 148,
        "h": 152
      },
      "sourceSize": {
        "w": 224,
        "h": 389
      },
      "pivot": {
        "x": 0.5,
        "y": 0.5
      }
    },
    "smoke_15.png": {
      "frame": {
        "x": 567,
        "y": 146,
        "w": 145,
        "h": 155
      },
      "rotated": false,
      "trimmed": true,
      "spriteSourceSize": {
        "x": 26,
        "y": 61,
        "w": 145,
        "h": 155
      },
      "sourceSize": {
        "w": 224,
        "h": 389
      },
      "pivot": {
        "x": 0.5,
        "y": 0.5
      }
    },
    "smoke_16.png": {
      "frame": {
        "x": 714,
        "y": 146,
        "w": 146,
        "h": 157
      },
      "rotated": false,
      "trimmed": true,
      "spriteSourceSize": {
        "x": 24,
        "y": 54,
        "w": 146,
        "h": 157
      },
      "sourceSize": {
        "w": 224,
        "h": 389
      },
      "pivot": {
        "x": 0.5,
        "y": 0.5
      }
    },
    "smoke_17.png": {
      "frame": {
        "x": 274,
        "y": 272,
        "w": 139,
        "h": 160
      },
      "rotated": false,
      "trimmed": true,
      "spriteSourceSize": {
        "x": 22,
        "y": 39,
        "w": 139,
        "h": 160
      },
      "sourceSize": {
        "w": 224,
        "h": 389
      },
      "pivot": {
        "x": 0.5,
        "y": 0.5
      }
    },
    "smoke_18.png": {
      "frame": {
        "x": 563,
        "y": 1,
        "w": 140,
        "h": 126
      },
      "rotated": false,
      "trimmed": true,
      "spriteSourceSize": {
        "x": 21,
        "y": 32,
        "w": 140,
        "h": 126
      },
      "sourceSize": {
        "w": 224,
        "h": 389
      },
      "pivot": {
        "x": 0.5,
        "y": 0.5
      }
    },
    "smoke_19.png": {
      "frame": {
        "x": 862,
        "y": 1,
        "w": 140,
        "h": 125
      },
      "rotated": false,
      "trimmed": true,
      "spriteSourceSize": {
        "x": 20,
        "y": 26,
        "w": 140,
        "h": 125
      },
      "sourceSize": {
        "w": 224,
        "h": 389
      },
      "pivot": {
        "x": 0.5,
        "y": 0.5
      }
    },
    "smoke_20.png": {
      "frame": {
        "x": 415,
        "y": 300,
        "w": 134,
        "h": 123
      },
      "rotated": false,
      "trimmed": true,
      "spriteSourceSize": {
        "x": 21,
        "y": 20,
        "w": 134,
        "h": 123
      },
      "sourceSize": {
        "w": 224,
        "h": 389
      },
      "pivot": {
        "x": 0.5,
        "y": 0.5
      }
    },
    "smoke_21.png": {
      "frame": {
        "x": 862,
        "y": 128,
        "w": 108,
        "h": 97
      },
      "rotated": false,
      "trimmed": true,
      "spriteSourceSize": {
        "x": 28,
        "y": 10,
        "w": 108,
        "h": 97
      },
      "sourceSize": {
        "w": 224,
        "h": 389
      },
      "pivot": {
        "x": 0.5,
        "y": 0.5
      }
    },
    "smoke_22.png": {
      "frame": {
        "x": 126,
        "y": 434,
        "w": 84,
        "h": 74
      },
      "rotated": false,
      "trimmed": true,
      "spriteSourceSize": {
        "x": 32,
        "y": 22,
        "w": 84,
        "h": 74
      },
      "sourceSize": {
        "w": 224,
        "h": 389
      },
      "pivot": {
        "x": 0.5,
        "y": 0.5
      }
    }
  },
  "meta": {
    "app": "http://free-tex-packer.com/",
    "version": "0.3.3",
    "image": "smoke.jpg",
    "format": "RGB888",
    "size": {
      "w": 1024,
      "h": 512
    },
    "scale": 2
  }
}