{
  "frames": {
    "Слой 1": {
      "frame": {
        "x": 1,
        "y": 1,
        "w": 30,
        "h": 23
      },
      "rotated": false,
      "trimmed": true,
      "spriteSourceSize": {
        "x": 40,
        "y": 113,
        "w": 30,
        "h": 23
      },
      "sourceSize": {
        "w": 99,
        "h": 147
      },
      "pivot": {
        "x": 0.5,
        "y": 0.5
      }
    },
    "Слой 2": {
      "frame": {
        "x": 33,
        "y": 1,
        "w": 73,
        "h": 66
      },
      "rotated": false,
      "trimmed": true,
      "spriteSourceSize": {
        "x": 16,
        "y": 70,
        "w": 73,
        "h": 66
      },
      "sourceSize": {
        "w": 99,
        "h": 147
      },
      "pivot": {
        "x": 0.5,
        "y": 0.5
      }
    },
    "Слой 3": {
      "frame": {
        "x": 108,
        "y": 1,
        "w": 81,
        "h": 116
      },
      "rotated": true,
      "trimmed": true,
      "spriteSourceSize": {
        "x": 8,
        "y": 20,
        "w": 81,
        "h": 116
      },
      "sourceSize": {
        "w": 99,
        "h": 147
      },
      "pivot": {
        "x": 0.5,
        "y": 0.5
      }
    },
    "Слой 4": {
      "frame": {
        "x": 1,
        "y": 69,
        "w": 81,
        "h": 126
      },
      "rotated": false,
      "trimmed": true,
      "spriteSourceSize": {
        "x": 8,
        "y": 10,
        "w": 81,
        "h": 126
      },
      "sourceSize": {
        "w": 99,
        "h": 147
      },
      "pivot": {
        "x": 0.5,
        "y": 0.5
      }
    }
  },
  "meta": {
    "app": "http://free-tex-packer.com/",
    "version": "0.3.3",
    "image": "single_lightning.jpg",
    "format": "RGB888",
    "size": {
      "w": 256,
      "h": 256
    },
    "scale": 2
  }
}