{
  "frames": {
    "black_base.png": {
      "frame": {
        "x": 1,
        "y": 1,
        "w": 1,
        "h": 1
      },
      "rotated": false,
      "trimmed": true,
      "spriteSourceSize": {
        "x": 0,
        "y": 0,
        "w": 1,
        "h": 1
      },
      "sourceSize": {
        "w": 176,
        "h": 173
      },
      "pivot": {
        "x": 0.5,
        "y": 0.5
      }
    },
    "fragment_1.png": {
      "frame": {
        "x": 1,
        "y": 4,
        "w": 34,
        "h": 26
      },
      "rotated": false,
      "trimmed": false,
      "spriteSourceSize": {
        "x": 0,
        "y": 0,
        "w": 34,
        "h": 26
      },
      "sourceSize": {
        "w": 34,
        "h": 26
      },
      "pivot": {
        "x": 0.5,
        "y": 0.5
      }
    },
    "fragment_2.png": {
      "frame": {
        "x": 1,
        "y": 32,
        "w": 27,
        "h": 21
      },
      "rotated": false,
      "trimmed": false,
      "spriteSourceSize": {
        "x": 0,
        "y": 0,
        "w": 27,
        "h": 21
      },
      "sourceSize": {
        "w": 27,
        "h": 21
      },
      "pivot": {
        "x": 0.5,
        "y": 0.5
      }
    },
    "fragment_3.png": {
      "frame": {
        "x": 37,
        "y": 1,
        "w": 23,
        "h": 30
      },
      "rotated": false,
      "trimmed": false,
      "spriteSourceSize": {
        "x": 0,
        "y": 0,
        "w": 23,
        "h": 30
      },
      "sourceSize": {
        "w": 23,
        "h": 30
      },
      "pivot": {
        "x": 0.5,
        "y": 0.5
      }
    },
    "fragment_4.png": {
      "frame": {
        "x": 1,
        "y": 55,
        "w": 25,
        "h": 26
      },
      "rotated": false,
      "trimmed": false,
      "spriteSourceSize": {
        "x": 0,
        "y": 0,
        "w": 25,
        "h": 26
      },
      "sourceSize": {
        "w": 25,
        "h": 26
      },
      "pivot": {
        "x": 0.5,
        "y": 0.5
      }
    },
    "fragment_5.png": {
      "frame": {
        "x": 62,
        "y": 1,
        "w": 19,
        "h": 22
      },
      "rotated": false,
      "trimmed": false,
      "spriteSourceSize": {
        "x": 0,
        "y": 0,
        "w": 19,
        "h": 22
      },
      "sourceSize": {
        "w": 19,
        "h": 22
      },
      "pivot": {
        "x": 0.5,
        "y": 0.5
      }
    },
    "fragment_6.png": {
      "frame": {
        "x": 30,
        "y": 33,
        "w": 29,
        "h": 28
      },
      "rotated": false,
      "trimmed": false,
      "spriteSourceSize": {
        "x": 0,
        "y": 0,
        "w": 29,
        "h": 28
      },
      "sourceSize": {
        "w": 29,
        "h": 28
      },
      "pivot": {
        "x": 0.5,
        "y": 0.5
      }
    },
    "fragment_7.png": {
      "frame": {
        "x": 1,
        "y": 83,
        "w": 29,
        "h": 34
      },
      "rotated": false,
      "trimmed": false,
      "spriteSourceSize": {
        "x": 0,
        "y": 0,
        "w": 29,
        "h": 34
      },
      "sourceSize": {
        "w": 29,
        "h": 34
      },
      "pivot": {
        "x": 0.5,
        "y": 0.5
      }
    },
    "fragment_8.png": {
      "frame": {
        "x": 62,
        "y": 25,
        "w": 25,
        "h": 22
      },
      "rotated": false,
      "trimmed": true,
      "spriteSourceSize": {
        "x": 0,
        "y": 2,
        "w": 25,
        "h": 22
      },
      "sourceSize": {
        "w": 25,
        "h": 24
      },
      "pivot": {
        "x": 0.5,
        "y": 0.5
      }
    },
    "fragments_base.png": {
      "frame": {
        "x": 1,
        "y": 119,
        "w": 43,
        "h": 97
      },
      "rotated": false,
      "trimmed": false,
      "spriteSourceSize": {
        "x": 0,
        "y": 0,
        "w": 43,
        "h": 97
      },
      "sourceSize": {
        "w": 43,
        "h": 97
      },
      "pivot": {
        "x": 0.5,
        "y": 0.5
      }
    },
    "orange_flare_purple.png": {
      "frame": {
        "x": 89,
        "y": 1,
        "w": 440,
        "h": 417
      },
      "rotated": false,
      "trimmed": true,
      "spriteSourceSize": {
        "x": 72,
        "y": 0,
        "w": 440,
        "h": 417
      },
      "sourceSize": {
        "w": 512,
        "h": 447
      },
      "pivot": {
        "x": 0.5,
        "y": 0.5
      }
    },
    "stone_hand.png": {
      "frame": {
        "x": 531,
        "y": 1,
        "w": 170,
        "h": 642
      },
      "rotated": false,
      "trimmed": true,
      "spriteSourceSize": {
        "x": 16,
        "y": 9,
        "w": 170,
        "h": 642
      },
      "sourceSize": {
        "w": 201,
        "h": 674
      },
      "pivot": {
        "x": 0.5,
        "y": 0.5
      }
    },
    "stone_purple_glow.png": {
      "frame": {
        "x": 89,
        "y": 420,
        "w": 126,
        "h": 129
      },
      "rotated": false,
      "trimmed": false,
      "spriteSourceSize": {
        "x": 0,
        "y": 0,
        "w": 126,
        "h": 129
      },
      "sourceSize": {
        "w": 126,
        "h": 129
      },
      "pivot": {
        "x": 0.5,
        "y": 0.5
      }
    },
    "stone_purple_out_glow.png": {
      "frame": {
        "x": 703,
        "y": 1,
        "w": 188,
        "h": 190
      },
      "rotated": false,
      "trimmed": false,
      "spriteSourceSize": {
        "x": 0,
        "y": 0,
        "w": 188,
        "h": 190
      },
      "sourceSize": {
        "w": 188,
        "h": 190
      },
      "pivot": {
        "x": 0.5,
        "y": 0.5
      }
    }
  },
  "meta": {
    "app": "http://free-tex-packer.com/",
    "version": "0.3.3",
    "image": "dragonstone_assets_normal.png",
    "format": "RGBA8888",
    "size": {
      "w": 1024,
      "h": 1024
    },
    "scale": 2
  }
}