{
  "frames": {
    "bar_back.png": {
      "frame": {
        "x": 1,
        "y": 1,
        "w": 952,
        "h": 71
      },
      "rotated": false,
      "trimmed": false,
      "spriteSourceSize": {
        "x": 0,
        "y": 0,
        "w": 952,
        "h": 71
      },
      "sourceSize": {
        "w": 952,
        "h": 71
      },
      "pivot": {
        "x": 0.5,
        "y": 0.5
      }
    },
    "bar_fill.png": {
      "frame": {
        "x": 1,
        "y": 74,
        "w": 923,
        "h": 40
      },
      "rotated": false,
      "trimmed": false,
      "spriteSourceSize": {
        "x": 0,
        "y": 0,
        "w": 923,
        "h": 40
      },
      "sourceSize": {
        "w": 923,
        "h": 40
      },
      "pivot": {
        "x": 0.5,
        "y": 0.5
      }
    },
    "planet_1.png": {
      "frame": {
        "x": 1,
        "y": 116,
        "w": 781,
        "h": 781
      },
      "rotated": false,
      "trimmed": false,
      "spriteSourceSize": {
        "x": 0,
        "y": 0,
        "w": 781,
        "h": 781
      },
      "sourceSize": {
        "w": 781,
        "h": 781
      },
      "pivot": {
        "x": 0.5,
        "y": 0.5
      }
    },
    "play_now_button_base_disabled.png": {
      "frame": {
        "x": 926,
        "y": 74,
        "w": 337,
        "h": 93
      },
      "rotated": true,
      "trimmed": true,
      "spriteSourceSize": {
        "x": 0,
        "y": 0,
        "w": 337,
        "h": 93
      },
      "sourceSize": {
        "w": 338,
        "h": 94
      },
      "pivot": {
        "x": 0.5,
        "y": 0.5
      }
    },
    "play_now_button_base_enabled.png": {
      "frame": {
        "x": 1,
        "y": 899,
        "w": 337,
        "h": 93
      },
      "rotated": false,
      "trimmed": true,
      "spriteSourceSize": {
        "x": 0,
        "y": 0,
        "w": 337,
        "h": 93
      },
      "sourceSize": {
        "w": 338,
        "h": 94
      },
      "pivot": {
        "x": 0.5,
        "y": 0.5
      }
    },
    "play_now_button_base_selected.png": {
      "frame": {
        "x": 340,
        "y": 899,
        "w": 337,
        "h": 93
      },
      "rotated": false,
      "trimmed": true,
      "spriteSourceSize": {
        "x": 0,
        "y": 0,
        "w": 337,
        "h": 93
      },
      "sourceSize": {
        "w": 338,
        "h": 94
      },
      "pivot": {
        "x": 0.5,
        "y": 0.5
      }
    }
  },
  "meta": {
    "app": "http://free-tex-packer.com/",
    "version": "0.3.3",
    "image": "preloader_assets.png",
    "format": "RGBA8888",
    "size": {
      "w": 1024,
      "h": 1024
    },
    "scale": 2
  }
}