{
  "frames": {
    "aura_01.png": {
      "frame": {
        "x": 1,
        "y": 1,
        "w": 238,
        "h": 127
      },
      "rotated": false,
      "trimmed": true,
      "spriteSourceSize": {
        "x": 31,
        "y": 28,
        "w": 238,
        "h": 127
      },
      "sourceSize": {
        "w": 298,
        "h": 277
      },
      "pivot": {
        "x": 0.5,
        "y": 0.5
      }
    },
    "aura_02.png": {
      "frame": {
        "x": 241,
        "y": 1,
        "w": 244,
        "h": 131
      },
      "rotated": false,
      "trimmed": true,
      "spriteSourceSize": {
        "x": 28,
        "y": 26,
        "w": 244,
        "h": 131
      },
      "sourceSize": {
        "w": 298,
        "h": 277
      },
      "pivot": {
        "x": 0.5,
        "y": 0.5
      }
    },
    "aura_03.png": {
      "frame": {
        "x": 1,
        "y": 130,
        "w": 249,
        "h": 133
      },
      "rotated": true,
      "trimmed": true,
      "spriteSourceSize": {
        "x": 26,
        "y": 25,
        "w": 249,
        "h": 133
      },
      "sourceSize": {
        "w": 298,
        "h": 277
      },
      "pivot": {
        "x": 0.5,
        "y": 0.5
      }
    },
    "aura_04.png": {
      "frame": {
        "x": 487,
        "y": 1,
        "w": 254,
        "h": 137
      },
      "rotated": false,
      "trimmed": true,
      "spriteSourceSize": {
        "x": 23,
        "y": 23,
        "w": 254,
        "h": 137
      },
      "sourceSize": {
        "w": 298,
        "h": 277
      },
      "pivot": {
        "x": 0.5,
        "y": 0.5
      }
    },
    "aura_05.png": {
      "frame": {
        "x": 743,
        "y": 134,
        "w": 262,
        "h": 143
      },
      "rotated": false,
      "trimmed": true,
      "spriteSourceSize": {
        "x": 19,
        "y": 20,
        "w": 262,
        "h": 143
      },
      "sourceSize": {
        "w": 298,
        "h": 277
      },
      "pivot": {
        "x": 0.5,
        "y": 0.5
      }
    },
    "aura_06.png": {
      "frame": {
        "x": 136,
        "y": 134,
        "w": 268,
        "h": 145
      },
      "rotated": false,
      "trimmed": true,
      "spriteSourceSize": {
        "x": 16,
        "y": 19,
        "w": 268,
        "h": 145
      },
      "sourceSize": {
        "w": 298,
        "h": 277
      },
      "pivot": {
        "x": 0.5,
        "y": 0.5
      }
    },
    "aura_07.png": {
      "frame": {
        "x": 406,
        "y": 140,
        "w": 270,
        "h": 148
      },
      "rotated": false,
      "trimmed": true,
      "spriteSourceSize": {
        "x": 15,
        "y": 18,
        "w": 270,
        "h": 148
      },
      "sourceSize": {
        "w": 298,
        "h": 277
      },
      "pivot": {
        "x": 0.5,
        "y": 0.5
      }
    },
    "aura_08.png": {
      "frame": {
        "x": 678,
        "y": 279,
        "w": 276,
        "h": 153
      },
      "rotated": false,
      "trimmed": true,
      "spriteSourceSize": {
        "x": 11,
        "y": 15,
        "w": 276,
        "h": 153
      },
      "sourceSize": {
        "w": 298,
        "h": 277
      },
      "pivot": {
        "x": 0.5,
        "y": 0.5
      }
    },
    "aura_09.png": {
      "frame": {
        "x": 136,
        "y": 281,
        "w": 277,
        "h": 156
      },
      "rotated": true,
      "trimmed": true,
      "spriteSourceSize": {
        "x": 11,
        "y": 14,
        "w": 277,
        "h": 156
      },
      "sourceSize": {
        "w": 298,
        "h": 277
      },
      "pivot": {
        "x": 0.5,
        "y": 0.5
      }
    },
    "aura_10.png": {
      "frame": {
        "x": 294,
        "y": 290,
        "w": 280,
        "h": 159
      },
      "rotated": false,
      "trimmed": true,
      "spriteSourceSize": {
        "x": 9,
        "y": 12,
        "w": 280,
        "h": 159
      },
      "sourceSize": {
        "w": 298,
        "h": 277
      },
      "pivot": {
        "x": 0.5,
        "y": 0.5
      }
    },
    "aura_11.png": {
      "frame": {
        "x": 294,
        "y": 451,
        "w": 280,
        "h": 161
      },
      "rotated": false,
      "trimmed": true,
      "spriteSourceSize": {
        "x": 9,
        "y": 11,
        "w": 280,
        "h": 161
      },
      "sourceSize": {
        "w": 298,
        "h": 277
      },
      "pivot": {
        "x": 0.5,
        "y": 0.5
      }
    },
    "aura_12.png": {
      "frame": {
        "x": 1,
        "y": 560,
        "w": 279,
        "h": 160
      },
      "rotated": false,
      "trimmed": true,
      "spriteSourceSize": {
        "x": 9,
        "y": 11,
        "w": 279,
        "h": 160
      },
      "sourceSize": {
        "w": 298,
        "h": 277
      },
      "pivot": {
        "x": 0.5,
        "y": 0.5
      }
    },
    "aura_13.png": {
      "frame": {
        "x": 1,
        "y": 722,
        "w": 276,
        "h": 155
      },
      "rotated": false,
      "trimmed": true,
      "spriteSourceSize": {
        "x": 10,
        "y": 14,
        "w": 276,
        "h": 155
      },
      "sourceSize": {
        "w": 298,
        "h": 277
      },
      "pivot": {
        "x": 0.5,
        "y": 0.5
      }
    },
    "aura_14.png": {
      "frame": {
        "x": 576,
        "y": 434,
        "w": 263,
        "h": 142
      },
      "rotated": false,
      "trimmed": true,
      "spriteSourceSize": {
        "x": 16,
        "y": 21,
        "w": 263,
        "h": 142
      },
      "sourceSize": {
        "w": 298,
        "h": 277
      },
      "pivot": {
        "x": 0.5,
        "y": 0.5
      }
    },
    "aura_15.png": {
      "frame": {
        "x": 743,
        "y": 1,
        "w": 237,
        "h": 128
      },
      "rotated": false,
      "trimmed": true,
      "spriteSourceSize": {
        "x": 29,
        "y": 28,
        "w": 237,
        "h": 128
      },
      "sourceSize": {
        "w": 298,
        "h": 277
      },
      "pivot": {
        "x": 0.5,
        "y": 0.5
      }
    },
    "aura_16.png": {
      "frame": {
        "x": 841,
        "y": 434,
        "w": 243,
        "h": 132
      },
      "rotated": true,
      "trimmed": true,
      "spriteSourceSize": {
        "x": 26,
        "y": 26,
        "w": 243,
        "h": 132
      },
      "sourceSize": {
        "w": 298,
        "h": 277
      },
      "pivot": {
        "x": 0.5,
        "y": 0.5
      }
    },
    "aura_17.png": {
      "frame": {
        "x": 576,
        "y": 578,
        "w": 247,
        "h": 134
      },
      "rotated": false,
      "trimmed": true,
      "spriteSourceSize": {
        "x": 24,
        "y": 25,
        "w": 247,
        "h": 134
      },
      "sourceSize": {
        "w": 298,
        "h": 277
      },
      "pivot": {
        "x": 0.5,
        "y": 0.5
      }
    },
    "aura_18.png": {
      "frame": {
        "x": 282,
        "y": 614,
        "w": 253,
        "h": 137
      },
      "rotated": false,
      "trimmed": true,
      "spriteSourceSize": {
        "x": 21,
        "y": 24,
        "w": 253,
        "h": 137
      },
      "sourceSize": {
        "w": 298,
        "h": 277
      },
      "pivot": {
        "x": 0.5,
        "y": 0.5
      }
    },
    "aura_19.png": {
      "frame": {
        "x": 282,
        "y": 753,
        "w": 261,
        "h": 143
      },
      "rotated": false,
      "trimmed": true,
      "spriteSourceSize": {
        "x": 17,
        "y": 21,
        "w": 261,
        "h": 143
      },
      "sourceSize": {
        "w": 298,
        "h": 277
      },
      "pivot": {
        "x": 0.5,
        "y": 0.5
      }
    },
    "aura_20.png": {
      "frame": {
        "x": 1,
        "y": 879,
        "w": 263,
        "h": 145
      },
      "rotated": false,
      "trimmed": true,
      "spriteSourceSize": {
        "x": 16,
        "y": 20,
        "w": 263,
        "h": 145
      },
      "sourceSize": {
        "w": 298,
        "h": 277
      },
      "pivot": {
        "x": 0.5,
        "y": 0.5
      }
    },
    "aura_21.png": {
      "frame": {
        "x": 825,
        "y": 679,
        "w": 267,
        "h": 148
      },
      "rotated": true,
      "trimmed": true,
      "spriteSourceSize": {
        "x": 14,
        "y": 18,
        "w": 267,
        "h": 148
      },
      "sourceSize": {
        "w": 298,
        "h": 277
      },
      "pivot": {
        "x": 0.5,
        "y": 0.5
      }
    },
    "aura_22.png": {
      "frame": {
        "x": 545,
        "y": 714,
        "w": 272,
        "h": 153
      },
      "rotated": false,
      "trimmed": true,
      "spriteSourceSize": {
        "x": 11,
        "y": 15,
        "w": 272,
        "h": 153
      },
      "sourceSize": {
        "w": 298,
        "h": 277
      },
      "pivot": {
        "x": 0.5,
        "y": 0.5
      }
    },
    "aura_23.png": {
      "frame": {
        "x": 545,
        "y": 869,
        "w": 274,
        "h": 156
      },
      "rotated": false,
      "trimmed": true,
      "spriteSourceSize": {
        "x": 10,
        "y": 13,
        "w": 274,
        "h": 156
      },
      "sourceSize": {
        "w": 298,
        "h": 277
      },
      "pivot": {
        "x": 0.5,
        "y": 0.5
      }
    },
    "aura_24.png": {
      "frame": {
        "x": 266,
        "y": 898,
        "w": 275,
        "h": 158
      },
      "rotated": false,
      "trimmed": true,
      "spriteSourceSize": {
        "x": 10,
        "y": 12,
        "w": 275,
        "h": 158
      },
      "sourceSize": {
        "w": 298,
        "h": 277
      },
      "pivot": {
        "x": 0.5,
        "y": 0.5
      }
    },
    "aura_25.png": {
      "frame": {
        "x": 821,
        "y": 948,
        "w": 277,
        "h": 160
      },
      "rotated": true,
      "trimmed": true,
      "spriteSourceSize": {
        "x": 9,
        "y": 11,
        "w": 277,
        "h": 160
      },
      "sourceSize": {
        "w": 298,
        "h": 277
      },
      "pivot": {
        "x": 0.5,
        "y": 0.5
      }
    },
    "aura_26.png": {
      "frame": {
        "x": 543,
        "y": 1027,
        "w": 276,
        "h": 159
      },
      "rotated": false,
      "trimmed": true,
      "spriteSourceSize": {
        "x": 9,
        "y": 12,
        "w": 276,
        "h": 159
      },
      "sourceSize": {
        "w": 298,
        "h": 277
      },
      "pivot": {
        "x": 0.5,
        "y": 0.5
      }
    },
    "aura_27.png": {
      "frame": {
        "x": 543,
        "y": 1188,
        "w": 274,
        "h": 154
      },
      "rotated": false,
      "trimmed": true,
      "spriteSourceSize": {
        "x": 10,
        "y": 15,
        "w": 274,
        "h": 154
      },
      "sourceSize": {
        "w": 298,
        "h": 277
      },
      "pivot": {
        "x": 0.5,
        "y": 0.5
      }
    },
    "aura_28.png": {
      "frame": {
        "x": 1,
        "y": 1026,
        "w": 260,
        "h": 143
      },
      "rotated": false,
      "trimmed": true,
      "spriteSourceSize": {
        "x": 17,
        "y": 22,
        "w": 260,
        "h": 143
      },
      "sourceSize": {
        "w": 298,
        "h": 277
      },
      "pivot": {
        "x": 0.5,
        "y": 0.5
      }
    }
  },
  "meta": {
    "app": "http://free-tex-packer.com/",
    "version": "0.3.3",
    "image": "aura.jpg",
    "format": "RGB888",
    "size": {
      "w": 1024,
      "h": 2048
    },
    "scale": 2
  }
}