{
  "frames": {
    "smoke_01.png": {
      "frame": {
        "x": 1,
        "y": 1,
        "w": 58,
        "h": 36
      },
      "rotated": false,
      "trimmed": true,
      "spriteSourceSize": {
        "x": 87,
        "y": 228,
        "w": 58,
        "h": 36
      },
      "sourceSize": {
        "w": 460,
        "h": 309
      },
      "pivot": {
        "x": 0.5,
        "y": 0.5
      }
    },
    "smoke_02.png": {
      "frame": {
        "x": 61,
        "y": 1,
        "w": 65,
        "h": 40
      },
      "rotated": false,
      "trimmed": true,
      "spriteSourceSize": {
        "x": 83,
        "y": 225,
        "w": 65,
        "h": 40
      },
      "sourceSize": {
        "w": 460,
        "h": 309
      },
      "pivot": {
        "x": 0.5,
        "y": 0.5
      }
    },
    "smoke_03.png": {
      "frame": {
        "x": 1,
        "y": 39,
        "w": 69,
        "h": 43
      },
      "rotated": true,
      "trimmed": true,
      "spriteSourceSize": {
        "x": 81,
        "y": 222,
        "w": 69,
        "h": 43
      },
      "sourceSize": {
        "w": 460,
        "h": 309
      },
      "pivot": {
        "x": 0.5,
        "y": 0.5
      }
    },
    "smoke_04.png": {
      "frame": {
        "x": 128,
        "y": 1,
        "w": 73,
        "h": 46
      },
      "rotated": false,
      "trimmed": true,
      "spriteSourceSize": {
        "x": 79,
        "y": 219,
        "w": 73,
        "h": 46
      },
      "sourceSize": {
        "w": 460,
        "h": 309
      },
      "pivot": {
        "x": 0.5,
        "y": 0.5
      }
    },
    "smoke_05.png": {
      "frame": {
        "x": 46,
        "y": 43,
        "w": 90,
        "h": 50
      },
      "rotated": true,
      "trimmed": true,
      "spriteSourceSize": {
        "x": 76,
        "y": 215,
        "w": 90,
        "h": 50
      },
      "sourceSize": {
        "w": 460,
        "h": 309
      },
      "pivot": {
        "x": 0.5,
        "y": 0.5
      }
    },
    "smoke_06.png": {
      "frame": {
        "x": 203,
        "y": 1,
        "w": 94,
        "h": 53
      },
      "rotated": false,
      "trimmed": true,
      "spriteSourceSize": {
        "x": 74,
        "y": 212,
        "w": 94,
        "h": 53
      },
      "sourceSize": {
        "w": 460,
        "h": 309
      },
      "pivot": {
        "x": 0.5,
        "y": 0.5
      }
    },
    "smoke_07.png": {
      "frame": {
        "x": 98,
        "y": 49,
        "w": 96,
        "h": 55
      },
      "rotated": false,
      "trimmed": true,
      "spriteSourceSize": {
        "x": 73,
        "y": 210,
        "w": 96,
        "h": 55
      },
      "sourceSize": {
        "w": 460,
        "h": 309
      },
      "pivot": {
        "x": 0.5,
        "y": 0.5
      }
    },
    "smoke_08.png": {
      "frame": {
        "x": 98,
        "y": 106,
        "w": 99,
        "h": 57
      },
      "rotated": false,
      "trimmed": true,
      "spriteSourceSize": {
        "x": 71,
        "y": 208,
        "w": 99,
        "h": 57
      },
      "sourceSize": {
        "w": 460,
        "h": 309
      },
      "pivot": {
        "x": 0.5,
        "y": 0.5
      }
    },
    "smoke_09.png": {
      "frame": {
        "x": 1,
        "y": 135,
        "w": 103,
        "h": 62
      },
      "rotated": true,
      "trimmed": true,
      "spriteSourceSize": {
        "x": 69,
        "y": 203,
        "w": 103,
        "h": 62
      },
      "sourceSize": {
        "w": 460,
        "h": 309
      },
      "pivot": {
        "x": 0.5,
        "y": 0.5
      }
    },
    "smoke_10.png": {
      "frame": {
        "x": 1,
        "y": 240,
        "w": 104,
        "h": 64
      },
      "rotated": true,
      "trimmed": true,
      "spriteSourceSize": {
        "x": 68,
        "y": 201,
        "w": 104,
        "h": 64
      },
      "sourceSize": {
        "w": 460,
        "h": 309
      },
      "pivot": {
        "x": 0.5,
        "y": 0.5
      }
    },
    "smoke_11.png": {
      "frame": {
        "x": 65,
        "y": 165,
        "w": 106,
        "h": 67
      },
      "rotated": false,
      "trimmed": true,
      "spriteSourceSize": {
        "x": 67,
        "y": 198,
        "w": 106,
        "h": 67
      },
      "sourceSize": {
        "w": 460,
        "h": 309
      },
      "pivot": {
        "x": 0.5,
        "y": 0.5
      }
    },
    "smoke_12.png": {
      "frame": {
        "x": 299,
        "y": 1,
        "w": 107,
        "h": 69
      },
      "rotated": false,
      "trimmed": true,
      "spriteSourceSize": {
        "x": 66,
        "y": 196,
        "w": 107,
        "h": 69
      },
      "sourceSize": {
        "w": 460,
        "h": 309
      },
      "pivot": {
        "x": 0.5,
        "y": 0.5
      }
    },
    "smoke_13.png": {
      "frame": {
        "x": 199,
        "y": 56,
        "w": 112,
        "h": 74
      },
      "rotated": true,
      "trimmed": true,
      "spriteSourceSize": {
        "x": 64,
        "y": 191,
        "w": 112,
        "h": 74
      },
      "sourceSize": {
        "w": 460,
        "h": 309
      },
      "pivot": {
        "x": 0.5,
        "y": 0.5
      }
    },
    "smoke_14.png": {
      "frame": {
        "x": 199,
        "y": 170,
        "w": 115,
        "h": 77
      },
      "rotated": true,
      "trimmed": true,
      "spriteSourceSize": {
        "x": 63,
        "y": 189,
        "w": 115,
        "h": 77
      },
      "sourceSize": {
        "w": 460,
        "h": 309
      },
      "pivot": {
        "x": 0.5,
        "y": 0.5
      }
    },
    "smoke_15.png": {
      "frame": {
        "x": 67,
        "y": 234,
        "w": 119,
        "h": 79
      },
      "rotated": false,
      "trimmed": true,
      "spriteSourceSize": {
        "x": 62,
        "y": 187,
        "w": 119,
        "h": 79
      },
      "sourceSize": {
        "w": 460,
        "h": 309
      },
      "pivot": {
        "x": 0.5,
        "y": 0.5
      }
    },
    "smoke_16.png": {
      "frame": {
        "x": 67,
        "y": 315,
        "w": 122,
        "h": 81
      },
      "rotated": false,
      "trimmed": true,
      "spriteSourceSize": {
        "x": 61,
        "y": 185,
        "w": 122,
        "h": 81
      },
      "sourceSize": {
        "w": 460,
        "h": 309
      },
      "pivot": {
        "x": 0.5,
        "y": 0.5
      }
    },
    "smoke_17.png": {
      "frame": {
        "x": 275,
        "y": 72,
        "w": 128,
        "h": 84
      },
      "rotated": false,
      "trimmed": true,
      "spriteSourceSize": {
        "x": 59,
        "y": 181,
        "w": 128,
        "h": 84
      },
      "sourceSize": {
        "w": 460,
        "h": 309
      },
      "pivot": {
        "x": 0.5,
        "y": 0.5
      }
    },
    "smoke_18.png": {
      "frame": {
        "x": 408,
        "y": 1,
        "w": 131,
        "h": 86
      },
      "rotated": false,
      "trimmed": true,
      "spriteSourceSize": {
        "x": 58,
        "y": 179,
        "w": 131,
        "h": 86
      },
      "sourceSize": {
        "w": 460,
        "h": 309
      },
      "pivot": {
        "x": 0.5,
        "y": 0.5
      }
    },
    "smoke_19.png": {
      "frame": {
        "x": 541,
        "y": 72,
        "w": 134,
        "h": 88
      },
      "rotated": false,
      "trimmed": true,
      "spriteSourceSize": {
        "x": 57,
        "y": 177,
        "w": 134,
        "h": 88
      },
      "sourceSize": {
        "w": 460,
        "h": 309
      },
      "pivot": {
        "x": 0.5,
        "y": 0.5
      }
    },
    "smoke_20.png": {
      "frame": {
        "x": 405,
        "y": 89,
        "w": 136,
        "h": 90
      },
      "rotated": true,
      "trimmed": true,
      "spriteSourceSize": {
        "x": 56,
        "y": 175,
        "w": 136,
        "h": 90
      },
      "sourceSize": {
        "w": 460,
        "h": 309
      },
      "pivot": {
        "x": 0.5,
        "y": 0.5
      }
    },
    "smoke_21.png": {
      "frame": {
        "x": 278,
        "y": 158,
        "w": 133,
        "h": 93
      },
      "rotated": true,
      "trimmed": true,
      "spriteSourceSize": {
        "x": 56,
        "y": 172,
        "w": 133,
        "h": 93
      },
      "sourceSize": {
        "w": 460,
        "h": 309
      },
      "pivot": {
        "x": 0.5,
        "y": 0.5
      }
    },
    "smoke_22.png": {
      "frame": {
        "x": 278,
        "y": 293,
        "w": 127,
        "h": 92
      },
      "rotated": false,
      "trimmed": true,
      "spriteSourceSize": {
        "x": 59,
        "y": 173,
        "w": 127,
        "h": 92
      },
      "sourceSize": {
        "w": 460,
        "h": 309
      },
      "pivot": {
        "x": 0.5,
        "y": 0.5
      }
    },
    "smoke_23.png": {
      "frame": {
        "x": 191,
        "y": 287,
        "w": 110,
        "h": 70
      },
      "rotated": true,
      "trimmed": true,
      "spriteSourceSize": {
        "x": 71,
        "y": 195,
        "w": 110,
        "h": 70
      },
      "sourceSize": {
        "w": 460,
        "h": 309
      },
      "pivot": {
        "x": 0.5,
        "y": 0.5
      }
    },
    "smoke_24.png": {
      "frame": {
        "x": 1,
        "y": 398,
        "w": 111,
        "h": 72
      },
      "rotated": false,
      "trimmed": true,
      "spriteSourceSize": {
        "x": 70,
        "y": 193,
        "w": 111,
        "h": 72
      },
      "sourceSize": {
        "w": 460,
        "h": 309
      },
      "pivot": {
        "x": 0.5,
        "y": 0.5
      }
    },
    "smoke_25.png": {
      "frame": {
        "x": 1,
        "y": 472,
        "w": 115,
        "h": 78
      },
      "rotated": false,
      "trimmed": true,
      "spriteSourceSize": {
        "x": 68,
        "y": 188,
        "w": 115,
        "h": 78
      },
      "sourceSize": {
        "w": 460,
        "h": 309
      },
      "pivot": {
        "x": 0.5,
        "y": 0.5
      }
    },
    "smoke_26.png": {
      "frame": {
        "x": 677,
        "y": 1,
        "w": 119,
        "h": 80
      },
      "rotated": false,
      "trimmed": true,
      "spriteSourceSize": {
        "x": 66,
        "y": 186,
        "w": 119,
        "h": 80
      },
      "sourceSize": {
        "w": 460,
        "h": 309
      },
      "pivot": {
        "x": 0.5,
        "y": 0.5
      }
    },
    "smoke_27.png": {
      "frame": {
        "x": 798,
        "y": 1,
        "w": 123,
        "h": 82
      },
      "rotated": false,
      "trimmed": true,
      "spriteSourceSize": {
        "x": 65,
        "y": 184,
        "w": 123,
        "h": 82
      },
      "sourceSize": {
        "w": 460,
        "h": 309
      },
      "pivot": {
        "x": 0.5,
        "y": 0.5
      }
    },
    "smoke_28.png": {
      "frame": {
        "x": 923,
        "y": 1,
        "w": 127,
        "h": 84
      },
      "rotated": true,
      "trimmed": true,
      "spriteSourceSize": {
        "x": 63,
        "y": 182,
        "w": 127,
        "h": 84
      },
      "sourceSize": {
        "w": 460,
        "h": 309
      },
      "pivot": {
        "x": 0.5,
        "y": 0.5
      }
    },
    "smoke_29.png": {
      "frame": {
        "x": 677,
        "y": 83,
        "w": 133,
        "h": 87
      },
      "rotated": true,
      "trimmed": true,
      "spriteSourceSize": {
        "x": 61,
        "y": 178,
        "w": 133,
        "h": 87
      },
      "sourceSize": {
        "w": 460,
        "h": 309
      },
      "pivot": {
        "x": 0.5,
        "y": 0.5
      }
    },
    "smoke_30.png": {
      "frame": {
        "x": 766,
        "y": 85,
        "w": 137,
        "h": 89
      },
      "rotated": false,
      "trimmed": true,
      "spriteSourceSize": {
        "x": 59,
        "y": 176,
        "w": 137,
        "h": 89
      },
      "sourceSize": {
        "w": 460,
        "h": 309
      },
      "pivot": {
        "x": 0.5,
        "y": 0.5
      }
    },
    "smoke_31.png": {
      "frame": {
        "x": 766,
        "y": 176,
        "w": 138,
        "h": 91
      },
      "rotated": false,
      "trimmed": true,
      "spriteSourceSize": {
        "x": 59,
        "y": 174,
        "w": 138,
        "h": 91
      },
      "sourceSize": {
        "w": 460,
        "h": 309
      },
      "pivot": {
        "x": 0.5,
        "y": 0.5
      }
    },
    "smoke_32.png": {
      "frame": {
        "x": 766,
        "y": 269,
        "w": 139,
        "h": 93
      },
      "rotated": false,
      "trimmed": true,
      "spriteSourceSize": {
        "x": 58,
        "y": 172,
        "w": 139,
        "h": 93
      },
      "sourceSize": {
        "w": 460,
        "h": 309
      },
      "pivot": {
        "x": 0.5,
        "y": 0.5
      }
    },
    "smoke_33.png": {
      "frame": {
        "x": 906,
        "y": 130,
        "w": 130,
        "h": 94
      },
      "rotated": true,
      "trimmed": true,
      "spriteSourceSize": {
        "x": 59,
        "y": 171,
        "w": 130,
        "h": 94
      },
      "sourceSize": {
        "w": 460,
        "h": 309
      },
      "pivot": {
        "x": 0.5,
        "y": 0.5
      }
    },
    "smoke_34.png": {
      "frame": {
        "x": 114,
        "y": 399,
        "w": 110,
        "h": 71
      },
      "rotated": false,
      "trimmed": true,
      "spriteSourceSize": {
        "x": 72,
        "y": 194,
        "w": 110,
        "h": 71
      },
      "sourceSize": {
        "w": 460,
        "h": 309
      },
      "pivot": {
        "x": 0.5,
        "y": 0.5
      }
    },
    "smoke_35.png": {
      "frame": {
        "x": 907,
        "y": 262,
        "w": 112,
        "h": 73
      },
      "rotated": false,
      "trimmed": true,
      "spriteSourceSize": {
        "x": 70,
        "y": 192,
        "w": 112,
        "h": 73
      },
      "sourceSize": {
        "w": 460,
        "h": 309
      },
      "pivot": {
        "x": 0.5,
        "y": 0.5
      }
    },
    "smoke_36.png": {
      "frame": {
        "x": 907,
        "y": 337,
        "w": 116,
        "h": 75
      },
      "rotated": false,
      "trimmed": true,
      "spriteSourceSize": {
        "x": 69,
        "y": 190,
        "w": 116,
        "h": 75
      },
      "sourceSize": {
        "w": 460,
        "h": 309
      },
      "pivot": {
        "x": 0.5,
        "y": 0.5
      }
    },
    "smoke_37.png": {
      "frame": {
        "x": 907,
        "y": 414,
        "w": 123,
        "h": 80
      },
      "rotated": true,
      "trimmed": true,
      "spriteSourceSize": {
        "x": 67,
        "y": 185,
        "w": 123,
        "h": 80
      },
      "sourceSize": {
        "w": 460,
        "h": 309
      },
      "pivot": {
        "x": 0.5,
        "y": 0.5
      }
    },
    "smoke_38.png": {
      "frame": {
        "x": 497,
        "y": 162,
        "w": 126,
        "h": 82
      },
      "rotated": false,
      "trimmed": true,
      "spriteSourceSize": {
        "x": 66,
        "y": 183,
        "w": 126,
        "h": 82
      },
      "sourceSize": {
        "w": 460,
        "h": 309
      },
      "pivot": {
        "x": 0.5,
        "y": 0.5
      }
    },
    "smoke_39.png": {
      "frame": {
        "x": 407,
        "y": 227,
        "w": 130,
        "h": 84
      },
      "rotated": true,
      "trimmed": true,
      "spriteSourceSize": {
        "x": 64,
        "y": 181,
        "w": 130,
        "h": 84
      },
      "sourceSize": {
        "w": 460,
        "h": 309
      },
      "pivot": {
        "x": 0.5,
        "y": 0.5
      }
    },
    "smoke_40.png": {
      "frame": {
        "x": 407,
        "y": 359,
        "w": 133,
        "h": 86
      },
      "rotated": true,
      "trimmed": true,
      "spriteSourceSize": {
        "x": 63,
        "y": 179,
        "w": 133,
        "h": 86
      },
      "sourceSize": {
        "w": 460,
        "h": 309
      },
      "pivot": {
        "x": 0.5,
        "y": 0.5
      }
    },
    "smoke_41.png": {
      "frame": {
        "x": 263,
        "y": 387,
        "w": 140,
        "h": 90
      },
      "rotated": false,
      "trimmed": true,
      "spriteSourceSize": {
        "x": 60,
        "y": 175,
        "w": 140,
        "h": 90
      },
      "sourceSize": {
        "w": 460,
        "h": 309
      },
      "pivot": {
        "x": 0.5,
        "y": 0.5
      }
    },
    "smoke_42.png": {
      "frame": {
        "x": 118,
        "y": 472,
        "w": 143,
        "h": 92
      },
      "rotated": false,
      "trimmed": true,
      "spriteSourceSize": {
        "x": 59,
        "y": 173,
        "w": 143,
        "h": 92
      },
      "sourceSize": {
        "w": 460,
        "h": 309
      },
      "pivot": {
        "x": 0.5,
        "y": 0.5
      }
    },
    "smoke_43.png": {
      "frame": {
        "x": 493,
        "y": 246,
        "w": 143,
        "h": 93
      },
      "rotated": false,
      "trimmed": true,
      "spriteSourceSize": {
        "x": 59,
        "y": 171,
        "w": 143,
        "h": 93
      },
      "sourceSize": {
        "w": 460,
        "h": 309
      },
      "pivot": {
        "x": 0.5,
        "y": 0.5
      }
    },
    "smoke_44.png": {
      "frame": {
        "x": 263,
        "y": 479,
        "w": 139,
        "h": 94
      },
      "rotated": false,
      "trimmed": true,
      "spriteSourceSize": {
        "x": 58,
        "y": 170,
        "w": 139,
        "h": 94
      },
      "sourceSize": {
        "w": 460,
        "h": 309
      },
      "pivot": {
        "x": 0.5,
        "y": 0.5
      }
    },
    "smoke_45.png": {
      "frame": {
        "x": 1,
        "y": 552,
        "w": 110,
        "h": 71
      },
      "rotated": false,
      "trimmed": true,
      "spriteSourceSize": {
        "x": 73,
        "y": 193,
        "w": 110,
        "h": 71
      },
      "sourceSize": {
        "w": 460,
        "h": 309
      },
      "pivot": {
        "x": 0.5,
        "y": 0.5
      }
    },
    "smoke_46.png": {
      "frame": {
        "x": 638,
        "y": 218,
        "w": 113,
        "h": 73
      },
      "rotated": false,
      "trimmed": true,
      "spriteSourceSize": {
        "x": 72,
        "y": 191,
        "w": 113,
        "h": 73
      },
      "sourceSize": {
        "w": 460,
        "h": 309
      },
      "pivot": {
        "x": 0.5,
        "y": 0.5
      }
    },
    "smoke_47.png": {
      "frame": {
        "x": 638,
        "y": 293,
        "w": 118,
        "h": 75
      },
      "rotated": false,
      "trimmed": true,
      "spriteSourceSize": {
        "x": 70,
        "y": 189,
        "w": 118,
        "h": 75
      },
      "sourceSize": {
        "w": 460,
        "h": 309
      },
      "pivot": {
        "x": 0.5,
        "y": 0.5
      }
    },
    "smoke_48.png": {
      "frame": {
        "x": 638,
        "y": 370,
        "w": 121,
        "h": 77
      },
      "rotated": false,
      "trimmed": true,
      "spriteSourceSize": {
        "x": 69,
        "y": 187,
        "w": 121,
        "h": 77
      },
      "sourceSize": {
        "w": 460,
        "h": 309
      },
      "pivot": {
        "x": 0.5,
        "y": 0.5
      }
    },
    "smoke_49.png": {
      "frame": {
        "x": 495,
        "y": 341,
        "w": 128,
        "h": 82
      },
      "rotated": false,
      "trimmed": true,
      "spriteSourceSize": {
        "x": 67,
        "y": 182,
        "w": 128,
        "h": 82
      },
      "sourceSize": {
        "w": 460,
        "h": 309
      },
      "pivot": {
        "x": 0.5,
        "y": 0.5
      }
    },
    "smoke_50.png": {
      "frame": {
        "x": 495,
        "y": 425,
        "w": 132,
        "h": 84
      },
      "rotated": false,
      "trimmed": true,
      "spriteSourceSize": {
        "x": 66,
        "y": 180,
        "w": 132,
        "h": 84
      },
      "sourceSize": {
        "w": 460,
        "h": 309
      },
      "pivot": {
        "x": 0.5,
        "y": 0.5
      }
    },
    "smoke_51.png": {
      "frame": {
        "x": 404,
        "y": 494,
        "w": 136,
        "h": 86
      },
      "rotated": true,
      "trimmed": true,
      "spriteSourceSize": {
        "x": 64,
        "y": 178,
        "w": 136,
        "h": 86
      },
      "sourceSize": {
        "w": 460,
        "h": 309
      },
      "pivot": {
        "x": 0.5,
        "y": 0.5
      }
    },
    "smoke_52.png": {
      "frame": {
        "x": 629,
        "y": 449,
        "w": 221,
        "h": 177
      },
      "rotated": false,
      "trimmed": true,
      "spriteSourceSize": {
        "x": 17,
        "y": 131,
        "w": 221,
        "h": 177
      },
      "sourceSize": {
        "w": 460,
        "h": 309
      },
      "pivot": {
        "x": 0.5,
        "y": 0.5
      }
    },
    "smoke_53.png": {
      "frame": {
        "x": 852,
        "y": 539,
        "w": 225,
        "h": 168
      },
      "rotated": true,
      "trimmed": true,
      "spriteSourceSize": {
        "x": 17,
        "y": 127,
        "w": 225,
        "h": 168
      },
      "sourceSize": {
        "w": 460,
        "h": 309
      },
      "pivot": {
        "x": 0.5,
        "y": 0.5
      }
    },
    "smoke_54.png": {
      "frame": {
        "x": 113,
        "y": 575,
        "w": 223,
        "h": 171
      },
      "rotated": false,
      "trimmed": true,
      "spriteSourceSize": {
        "x": 19,
        "y": 123,
        "w": 223,
        "h": 171
      },
      "sourceSize": {
        "w": 460,
        "h": 309
      },
      "pivot": {
        "x": 0.5,
        "y": 0.5
      }
    },
    "smoke_55.png": {
      "frame": {
        "x": 113,
        "y": 748,
        "w": 225,
        "h": 182
      },
      "rotated": false,
      "trimmed": true,
      "spriteSourceSize": {
        "x": 17,
        "y": 107,
        "w": 225,
        "h": 182
      },
      "sourceSize": {
        "w": 460,
        "h": 309
      },
      "pivot": {
        "x": 0.5,
        "y": 0.5
      }
    },
    "smoke_56.png": {
      "frame": {
        "x": 492,
        "y": 628,
        "w": 224,
        "h": 182
      },
      "rotated": false,
      "trimmed": true,
      "spriteSourceSize": {
        "x": 15,
        "y": 101,
        "w": 224,
        "h": 182
      },
      "sourceSize": {
        "w": 460,
        "h": 309
      },
      "pivot": {
        "x": 0.5,
        "y": 0.5
      }
    },
    "smoke_57.png": {
      "frame": {
        "x": 718,
        "y": 766,
        "w": 195,
        "h": 187
      },
      "rotated": false,
      "trimmed": true,
      "spriteSourceSize": {
        "x": 16,
        "y": 88,
        "w": 195,
        "h": 187
      },
      "sourceSize": {
        "w": 460,
        "h": 309
      },
      "pivot": {
        "x": 0.5,
        "y": 0.5
      }
    },
    "smoke_58.png": {
      "frame": {
        "x": 492,
        "y": 812,
        "w": 198,
        "h": 182
      },
      "rotated": false,
      "trimmed": true,
      "spriteSourceSize": {
        "x": 13,
        "y": 83,
        "w": 198,
        "h": 182
      },
      "sourceSize": {
        "w": 460,
        "h": 309
      },
      "pivot": {
        "x": 0.5,
        "y": 0.5
      }
    },
    "smoke_59.png": {
      "frame": {
        "x": 692,
        "y": 955,
        "w": 196,
        "h": 181
      },
      "rotated": false,
      "trimmed": true,
      "spriteSourceSize": {
        "x": 14,
        "y": 81,
        "w": 196,
        "h": 181
      },
      "sourceSize": {
        "w": 460,
        "h": 309
      },
      "pivot": {
        "x": 0.5,
        "y": 0.5
      }
    },
    "smoke_60.png": {
      "frame": {
        "x": 692,
        "y": 1138,
        "w": 203,
        "h": 180
      },
      "rotated": false,
      "trimmed": true,
      "spriteSourceSize": {
        "x": 12,
        "y": 79,
        "w": 203,
        "h": 180
      },
      "sourceSize": {
        "w": 460,
        "h": 309
      },
      "pivot": {
        "x": 0.5,
        "y": 0.5
      }
    },
    "smoke_61.png": {
      "frame": {
        "x": 1,
        "y": 932,
        "w": 179,
        "h": 184
      },
      "rotated": true,
      "trimmed": true,
      "spriteSourceSize": {
        "x": 14,
        "y": 70,
        "w": 179,
        "h": 184
      },
      "sourceSize": {
        "w": 460,
        "h": 309
      },
      "pivot": {
        "x": 0.5,
        "y": 0.5
      }
    },
    "smoke_62.png": {
      "frame": {
        "x": 187,
        "y": 932,
        "w": 176,
        "h": 185
      },
      "rotated": true,
      "trimmed": true,
      "spriteSourceSize": {
        "x": 13,
        "y": 66,
        "w": 176,
        "h": 185
      },
      "sourceSize": {
        "w": 460,
        "h": 309
      },
      "pivot": {
        "x": 0.5,
        "y": 0.5
      }
    },
    "smoke_63.png": {
      "frame": {
        "x": 374,
        "y": 996,
        "w": 175,
        "h": 187
      },
      "rotated": true,
      "trimmed": true,
      "spriteSourceSize": {
        "x": 14,
        "y": 62,
        "w": 175,
        "h": 187
      },
      "sourceSize": {
        "w": 460,
        "h": 309
      },
      "pivot": {
        "x": 0.5,
        "y": 0.5
      }
    },
    "smoke_64.png": {
      "frame": {
        "x": 187,
        "y": 1110,
        "w": 173,
        "h": 188
      },
      "rotated": false,
      "trimmed": true,
      "spriteSourceSize": {
        "x": 11,
        "y": 58,
        "w": 173,
        "h": 188
      },
      "sourceSize": {
        "w": 460,
        "h": 309
      },
      "pivot": {
        "x": 0.5,
        "y": 0.5
      }
    },
    "smoke_65.png": {
      "frame": {
        "x": 1,
        "y": 1113,
        "w": 164,
        "h": 187
      },
      "rotated": false,
      "trimmed": true,
      "spriteSourceSize": {
        "x": 14,
        "y": 51,
        "w": 164,
        "h": 187
      },
      "sourceSize": {
        "w": 460,
        "h": 309
      },
      "pivot": {
        "x": 0.5,
        "y": 0.5
      }
    },
    "smoke_66.png": {
      "frame": {
        "x": 362,
        "y": 1173,
        "w": 160,
        "h": 189
      },
      "rotated": true,
      "trimmed": true,
      "spriteSourceSize": {
        "x": 16,
        "y": 47,
        "w": 160,
        "h": 189
      },
      "sourceSize": {
        "w": 460,
        "h": 309
      },
      "pivot": {
        "x": 0.5,
        "y": 0.5
      }
    },
    "smoke_67.png": {
      "frame": {
        "x": 167,
        "y": 1300,
        "w": 153,
        "h": 190
      },
      "rotated": true,
      "trimmed": true,
      "spriteSourceSize": {
        "x": 16,
        "y": 45,
        "w": 153,
        "h": 190
      },
      "sourceSize": {
        "w": 460,
        "h": 309
      },
      "pivot": {
        "x": 0.5,
        "y": 0.5
      }
    },
    "smoke_68.png": {
      "frame": {
        "x": 1,
        "y": 1302,
        "w": 151,
        "h": 185
      },
      "rotated": false,
      "trimmed": true,
      "spriteSourceSize": {
        "x": 15,
        "y": 43,
        "w": 151,
        "h": 185
      },
      "sourceSize": {
        "w": 460,
        "h": 309
      },
      "pivot": {
        "x": 0.5,
        "y": 0.5
      }
    },
    "smoke_69.png": {
      "frame": {
        "x": 340,
        "y": 632,
        "w": 143,
        "h": 178
      },
      "rotated": false,
      "trimmed": true,
      "spriteSourceSize": {
        "x": 18,
        "y": 38,
        "w": 143,
        "h": 178
      },
      "sourceSize": {
        "w": 460,
        "h": 309
      },
      "pivot": {
        "x": 0.5,
        "y": 0.5
      }
    },
    "smoke_70.png": {
      "frame": {
        "x": 553,
        "y": 1173,
        "w": 135,
        "h": 175
      },
      "rotated": false,
      "trimmed": true,
      "spriteSourceSize": {
        "x": 24,
        "y": 37,
        "w": 135,
        "h": 175
      },
      "sourceSize": {
        "w": 460,
        "h": 309
      },
      "pivot": {
        "x": 0.5,
        "y": 0.5
      }
    },
    "smoke_71.png": {
      "frame": {
        "x": 890,
        "y": 955,
        "w": 132,
        "h": 170
      },
      "rotated": false,
      "trimmed": true,
      "spriteSourceSize": {
        "x": 26,
        "y": 35,
        "w": 132,
        "h": 170
      },
      "sourceSize": {
        "w": 460,
        "h": 309
      },
      "pivot": {
        "x": 0.5,
        "y": 0.5
      }
    },
    "smoke_72.png": {
      "frame": {
        "x": 359,
        "y": 1335,
        "w": 130,
        "h": 175
      },
      "rotated": true,
      "trimmed": true,
      "spriteSourceSize": {
        "x": 26,
        "y": 31,
        "w": 130,
        "h": 175
      },
      "sourceSize": {
        "w": 460,
        "h": 309
      },
      "pivot": {
        "x": 0.5,
        "y": 0.5
      }
    },
    "smoke_73.png": {
      "frame": {
        "x": 359,
        "y": 1467,
        "w": 132,
        "h": 157
      },
      "rotated": true,
      "trimmed": true,
      "spriteSourceSize": {
        "x": 21,
        "y": 33,
        "w": 132,
        "h": 157
      },
      "sourceSize": {
        "w": 460,
        "h": 309
      },
      "pivot": {
        "x": 0.5,
        "y": 0.5
      }
    },
    "smoke_74.png": {
      "frame": {
        "x": 154,
        "y": 1455,
        "w": 131,
        "h": 152
      },
      "rotated": true,
      "trimmed": true,
      "spriteSourceSize": {
        "x": 20,
        "y": 31,
        "w": 131,
        "h": 152
      },
      "sourceSize": {
        "w": 460,
        "h": 309
      },
      "pivot": {
        "x": 0.5,
        "y": 0.5
      }
    },
    "smoke_75.png": {
      "frame": {
        "x": 1,
        "y": 1489,
        "w": 130,
        "h": 146
      },
      "rotated": true,
      "trimmed": true,
      "spriteSourceSize": {
        "x": 19,
        "y": 30,
        "w": 130,
        "h": 146
      },
      "sourceSize": {
        "w": 460,
        "h": 309
      },
      "pivot": {
        "x": 0.5,
        "y": 0.5
      }
    },
    "smoke_76.png": {
      "frame": {
        "x": 149,
        "y": 1588,
        "w": 129,
        "h": 150
      },
      "rotated": true,
      "trimmed": true,
      "spriteSourceSize": {
        "x": 17,
        "y": 24,
        "w": 129,
        "h": 150
      },
      "sourceSize": {
        "w": 460,
        "h": 309
      },
      "pivot": {
        "x": 0.5,
        "y": 0.5
      }
    },
    "smoke_77.png": {
      "frame": {
        "x": 563,
        "y": 996,
        "w": 127,
        "h": 139
      },
      "rotated": false,
      "trimmed": true,
      "spriteSourceSize": {
        "x": 15,
        "y": 26,
        "w": 127,
        "h": 139
      },
      "sourceSize": {
        "w": 460,
        "h": 309
      },
      "pivot": {
        "x": 0.5,
        "y": 0.5
      }
    },
    "smoke_78.png": {
      "frame": {
        "x": 897,
        "y": 1127,
        "w": 126,
        "h": 134
      },
      "rotated": false,
      "trimmed": true,
      "spriteSourceSize": {
        "x": 14,
        "y": 24,
        "w": 126,
        "h": 134
      },
      "sourceSize": {
        "w": 460,
        "h": 309
      },
      "pivot": {
        "x": 0.5,
        "y": 0.5
      }
    },
    "smoke_79.png": {
      "frame": {
        "x": 718,
        "y": 628,
        "w": 123,
        "h": 130
      },
      "rotated": true,
      "trimmed": true,
      "spriteSourceSize": {
        "x": 14,
        "y": 22,
        "w": 123,
        "h": 130
      },
      "sourceSize": {
        "w": 460,
        "h": 309
      },
      "pivot": {
        "x": 0.5,
        "y": 0.5
      }
    },
    "smoke_80.png": {
      "frame": {
        "x": 897,
        "y": 1263,
        "w": 121,
        "h": 126
      },
      "rotated": true,
      "trimmed": true,
      "spriteSourceSize": {
        "x": 13,
        "y": 20,
        "w": 121,
        "h": 126
      },
      "sourceSize": {
        "w": 460,
        "h": 309
      },
      "pivot": {
        "x": 0.5,
        "y": 0.5
      }
    },
    "smoke_81.png": {
      "frame": {
        "x": 340,
        "y": 812,
        "w": 117,
        "h": 123
      },
      "rotated": true,
      "trimmed": true,
      "spriteSourceSize": {
        "x": 12,
        "y": 15,
        "w": 117,
        "h": 123
      },
      "sourceSize": {
        "w": 460,
        "h": 309
      },
      "pivot": {
        "x": 0.5,
        "y": 0.5
      }
    },
    "smoke_82.png": {
      "frame": {
        "x": 492,
        "y": 511,
        "w": 92,
        "h": 115
      },
      "rotated": false,
      "trimmed": true,
      "spriteSourceSize": {
        "x": 35,
        "y": 13,
        "w": 92,
        "h": 115
      },
      "sourceSize": {
        "w": 460,
        "h": 309
      },
      "pivot": {
        "x": 0.5,
        "y": 0.5
      }
    },
    "smoke_83.png": {
      "frame": {
        "x": 915,
        "y": 766,
        "w": 91,
        "h": 112
      },
      "rotated": false,
      "trimmed": true,
      "spriteSourceSize": {
        "x": 34,
        "y": 10,
        "w": 91,
        "h": 112
      },
      "sourceSize": {
        "w": 460,
        "h": 309
      },
      "pivot": {
        "x": 0.5,
        "y": 0.5
      }
    },
    "smoke_84.png": {
      "frame": {
        "x": 1,
        "y": 625,
        "w": 89,
        "h": 107
      },
      "rotated": true,
      "trimmed": true,
      "spriteSourceSize": {
        "x": 34,
        "y": 9,
        "w": 89,
        "h": 107
      },
      "sourceSize": {
        "w": 460,
        "h": 309
      },
      "pivot": {
        "x": 0.5,
        "y": 0.5
      }
    },
    "smoke_85.png": {
      "frame": {
        "x": 1,
        "y": 716,
        "w": 87,
        "h": 101
      },
      "rotated": true,
      "trimmed": true,
      "spriteSourceSize": {
        "x": 33,
        "y": 4,
        "w": 87,
        "h": 101
      },
      "sourceSize": {
        "w": 460,
        "h": 309
      },
      "pivot": {
        "x": 0.5,
        "y": 0.5
      }
    },
    "smoke_86.png": {
      "frame": {
        "x": 1,
        "y": 805,
        "w": 85,
        "h": 98
      },
      "rotated": true,
      "trimmed": true,
      "spriteSourceSize": {
        "x": 32,
        "y": 2,
        "w": 85,
        "h": 98
      },
      "sourceSize": {
        "w": 460,
        "h": 309
      },
      "pivot": {
        "x": 0.5,
        "y": 0.5
      }
    },
    "smoke_87.png": {
      "frame": {
        "x": 761,
        "y": 364,
        "w": 83,
        "h": 97
      },
      "rotated": true,
      "trimmed": true,
      "spriteSourceSize": {
        "x": 32,
        "y": 0,
        "w": 83,
        "h": 97
      },
      "sourceSize": {
        "w": 460,
        "h": 309
      },
      "pivot": {
        "x": 0.5,
        "y": 0.5
      }
    }
  },
  "meta": {
    "app": "http://free-tex-packer.com/",
    "version": "0.3.3",
    "image": "smoke.jpg",
    "format": "RGB888",
    "size": {
      "w": 1024,
      "h": 2048
    },
    "scale": 2
  }
}